"opportunity_id","query","intent","family","tool_id","proposed_tool","proposed_url","user_problem","serp_type","competition","search_volume","KD","CPC","traffic","content_opportunity","interactive_opportunity","existing_solution_quality","original_value","cannibalization_risk","priority","evidence_status","source_url","source_scope","owner","decision","checked_date"
"K001","word counter","Interactive task completion","text","UP001","Word and character counter","/tools/text/word-counter/","Measure copy against a length limit","Interactive tool results in search-provider sample","High qualitative; alternatives observed","Unavailable","Unavailable","Unavailable","Unavailable","Emoji sequences; CJK segmentation; abbreviations; empty input","Words, graphemes, code points, sentences and estimated reading time","Relevant alternatives visible; behavior not tested","Segment Unicode text; label counting rules; minutes = words / chosen WPM","High if published separately; use shared canonical","P1","S: exact query sampled","https://counter-word.com/","Search-provider result; not a verified Google rank","UtilityPilot","MVP; consolidate variants","2026-09-25"
"K002","character counter without spaces","Interactive task completion","text","UP001","Word and character counter","/tools/text/word-counter/","character counter without spaces","Unavailable: exact query not sampled","Unavailable at query level; cluster competition High","Unavailable","Unavailable","Unavailable","Unavailable","Emoji sequences; CJK segmentation; abbreviations; empty input","Words, graphemes, code points, sentences and estimated reading time","Unavailable for exact query","Segment Unicode text; label counting rules; minutes = words / chosen WPM","High if published separately; use shared canonical","P1","H: research-derived query hypothesis","https://counter-word.com/","Cluster source only; not evidence of exact wording or demand","UtilityPilot","MVP; consolidate variants","2026-09-25"
"K003","count words in pasted text","Interactive task completion","text","UP001","Word and character counter","/tools/text/word-counter/","count words in pasted text","Unavailable: exact query not sampled","Unavailable at query level; cluster competition High","Unavailable","Unavailable","Unavailable","Unavailable","Emoji sequences; CJK segmentation; abbreviations; empty input","Words, graphemes, code points, sentences and estimated reading time","Unavailable for exact query","Segment Unicode text; label counting rules; minutes = words / chosen WPM","High if published separately; use shared canonical","P1","H: research-derived query hypothesis","https://counter-word.com/","Cluster source only; not evidence of exact wording or demand","UtilityPilot","MVP; consolidate variants","2026-09-25"
"K004","reading time calculator for text","Interactive task completion","text","UP001","Word and character counter","/tools/text/word-counter/","reading time calculator for text","Unavailable: exact query not sampled","Unavailable at query level; cluster competition High","Unavailable","Unavailable","Unavailable","Unavailable","Emoji sequences; CJK segmentation; abbreviations; empty input","Words, graphemes, code points, sentences and estimated reading time","Unavailable for exact query","Segment Unicode text; label counting rules; minutes = words / chosen WPM","High if published separately; use shared canonical","P1","H: research-derived query hypothesis","https://counter-word.com/","Cluster source only; not evidence of exact wording or demand","UtilityPilot","MVP; consolidate variants","2026-09-25"
"K005","count characters including emoji","Interactive task completion","text","UP001","Word and character counter","/tools/text/word-counter/","count characters including emoji","Unavailable: exact query not sampled","Unavailable at query level; cluster competition High","Unavailable","Unavailable","Unavailable","Unavailable","Emoji sequences; CJK segmentation; abbreviations; empty input","Words, graphemes, code points, sentences and estimated reading time","Unavailable for exact query","Segment Unicode text; label counting rules; minutes = words / chosen WPM","High if published separately; use shared canonical","P1","H: research-derived query hypothesis","https://counter-word.com/","Cluster source only; not evidence of exact wording or demand","UtilityPilot","MVP; consolidate variants","2026-09-25"
"K006","remove extra spaces from text","Interactive task completion","text","UP002","Text cleaner","/tools/text/text-cleaner/","Repair spacing after copying text","Interactive tool results in search-provider sample","High qualitative; alternatives observed","Unavailable","Unavailable","Unavailable","Unavailable","NBSP; tabs; CRLF; preserve paragraph breaks; never remove zero-width characters silently","Cleaned text and per-operation change counts","Relevant alternatives visible; behavior not tested","Apply an explicit ordered pipeline; retain original and preview before applying","High if published separately; use shared canonical","P0","S: exact query sampled","https://www.w3schools.com/tools/tool_remove_extra_spaces.php","Search-provider result; not a verified Google rank","UtilityPilot","MVP; consolidate variants","2026-09-25"
"K007","remove line breaks from copied pdf text","Interactive task completion","text","UP002","Text cleaner","/tools/text/text-cleaner/","remove line breaks from copied pdf text","Unavailable: exact query not sampled","Unavailable at query level; cluster competition High","Unavailable","Unavailable","Unavailable","Unavailable","NBSP; tabs; CRLF; preserve paragraph breaks; never remove zero-width characters silently","Cleaned text and per-operation change counts","Unavailable for exact query","Apply an explicit ordered pipeline; retain original and preview before applying","High if published separately; use shared canonical","P0","H: research-derived query hypothesis","https://www.w3schools.com/tools/tool_remove_extra_spaces.php","Cluster source only; not evidence of exact wording or demand","UtilityPilot","MVP; consolidate variants","2026-09-25"
"K008","trim spaces at beginning of each line","Interactive task completion","text","UP002","Text cleaner","/tools/text/text-cleaner/","trim spaces at beginning of each line","Unavailable: exact query not sampled","Unavailable at query level; cluster competition High","Unavailable","Unavailable","Unavailable","Unavailable","NBSP; tabs; CRLF; preserve paragraph breaks; never remove zero-width characters silently","Cleaned text and per-operation change counts","Unavailable for exact query","Apply an explicit ordered pipeline; retain original and preview before applying","High if published separately; use shared canonical","P0","H: research-derived query hypothesis","https://www.w3schools.com/tools/tool_remove_extra_spaces.php","Cluster source only; not evidence of exact wording or demand","UtilityPilot","MVP; consolidate variants","2026-09-25"
"K009","remove blank lines from text","Interactive task completion","text","UP002","Text cleaner","/tools/text/text-cleaner/","remove blank lines from text","Unavailable: exact query not sampled","Unavailable at query level; cluster competition High","Unavailable","Unavailable","Unavailable","Unavailable","NBSP; tabs; CRLF; preserve paragraph breaks; never remove zero-width characters silently","Cleaned text and per-operation change counts","Unavailable for exact query","Apply an explicit ordered pipeline; retain original and preview before applying","High if published separately; use shared canonical","P0","H: research-derived query hypothesis","https://www.w3schools.com/tools/tool_remove_extra_spaces.php","Cluster source only; not evidence of exact wording or demand","UtilityPilot","MVP; consolidate variants","2026-09-25"
"K010","replace non breaking spaces with normal spaces","Interactive task completion","text","UP002","Text cleaner","/tools/text/text-cleaner/","replace non breaking spaces with normal spaces","Unavailable: exact query not sampled","Unavailable at query level; cluster competition High","Unavailable","Unavailable","Unavailable","Unavailable","NBSP; tabs; CRLF; preserve paragraph breaks; never remove zero-width characters silently","Cleaned text and per-operation change counts","Unavailable for exact query","Apply an explicit ordered pipeline; retain original and preview before applying","High if published separately; use shared canonical","P0","H: research-derived query hypothesis","https://www.w3schools.com/tools/tool_remove_extra_spaces.php","Cluster source only; not evidence of exact wording or demand","UtilityPilot","MVP; consolidate variants","2026-09-25"
"K011","remove duplicate lines from text","Interactive task completion","text","UP003","Remove duplicate lines","/tools/text/remove-duplicate-lines/","Remove repeated entries without changing list order","Interactive tool results in search-provider sample","High qualitative; alternatives observed","Unavailable","Unavailable","Unavailable","Unavailable","Blank lines; Unicode normalization opt-in; case; final newline","Unique lines and removed count","Relevant alternatives visible; behavior not tested","Use normalized comparison keys while retaining the selected original line","High if published separately; use shared canonical","P0","S: exact query sampled","https://www.w3schools.com/tools/tool_remove_duplicate_lines.php","Search-provider result; not a verified Google rank","UtilityPilot","MVP; consolidate variants","2026-09-25"
"K012","remove duplicate lines keep order","Interactive task completion","text","UP003","Remove duplicate lines","/tools/text/remove-duplicate-lines/","remove duplicate lines keep order","Unavailable: exact query not sampled","Unavailable at query level; cluster competition High","Unavailable","Unavailable","Unavailable","Unavailable","Blank lines; Unicode normalization opt-in; case; final newline","Unique lines and removed count","Unavailable for exact query","Use normalized comparison keys while retaining the selected original line","High if published separately; use shared canonical","P0","H: research-derived query hypothesis","https://www.w3schools.com/tools/tool_remove_duplicate_lines.php","Cluster source only; not evidence of exact wording or demand","UtilityPilot","MVP; consolidate variants","2026-09-25"
"K013","remove duplicate lines ignore case","Interactive task completion","text","UP003","Remove duplicate lines","/tools/text/remove-duplicate-lines/","remove duplicate lines ignore case","Unavailable: exact query not sampled","Unavailable at query level; cluster competition High","Unavailable","Unavailable","Unavailable","Unavailable","Blank lines; Unicode normalization opt-in; case; final newline","Unique lines and removed count","Unavailable for exact query","Use normalized comparison keys while retaining the selected original line","High if published separately; use shared canonical","P0","H: research-derived query hypothesis","https://www.w3schools.com/tools/tool_remove_duplicate_lines.php","Cluster source only; not evidence of exact wording or demand","UtilityPilot","MVP; consolidate variants","2026-09-25"
"K014","keep last duplicate line","Interactive task completion","text","UP003","Remove duplicate lines","/tools/text/remove-duplicate-lines/","keep last duplicate line","Unavailable: exact query not sampled","Unavailable at query level; cluster competition High","Unavailable","Unavailable","Unavailable","Unavailable","Blank lines; Unicode normalization opt-in; case; final newline","Unique lines and removed count","Unavailable for exact query","Use normalized comparison keys while retaining the selected original line","High if published separately; use shared canonical","P0","H: research-derived query hypothesis","https://www.w3schools.com/tools/tool_remove_duplicate_lines.php","Cluster source only; not evidence of exact wording or demand","UtilityPilot","MVP; consolidate variants","2026-09-25"
"K015","remove repeated email addresses from list","Interactive task completion","text","UP003","Remove duplicate lines","/tools/text/remove-duplicate-lines/","remove repeated email addresses from list","Unavailable: exact query not sampled","Unavailable at query level; cluster competition High","Unavailable","Unavailable","Unavailable","Unavailable","Blank lines; Unicode normalization opt-in; case; final newline","Unique lines and removed count","Unavailable for exact query","Use normalized comparison keys while retaining the selected original line","High if published separately; use shared canonical","P0","H: research-derived query hypothesis","https://www.w3schools.com/tools/tool_remove_duplicate_lines.php","Cluster source only; not evidence of exact wording or demand","UtilityPilot","MVP; consolidate variants","2026-09-25"
"K016","sort lines alphabetically online","Interactive task completion","text","UP004","Sort lines","/tools/text/sort-lines/","Put a pasted list into useful order","Interactive tool results in search-provider sample","High qualitative; alternatives observed","Unavailable","Unavailable","Unavailable","Unavailable","item2 vs item10; invalid numbers; equal keys; locale accents","Sorted list and explanation of ordering","Relevant alternatives visible; behavior not tested","Stable sorting with explicit comparator and descending option","High if published separately; use shared canonical","P0","S: exact query sampled","https://verbcount.com/tools/sort-lines","Search-provider result; not a verified Google rank","UtilityPilot","MVP; consolidate variants","2026-09-25"
"K017","natural sort list online","Interactive task completion","text","UP004","Sort lines","/tools/text/sort-lines/","natural sort list online","Unavailable: exact query not sampled","Unavailable at query level; cluster competition High","Unavailable","Unavailable","Unavailable","Unavailable","item2 vs item10; invalid numbers; equal keys; locale accents","Sorted list and explanation of ordering","Unavailable for exact query","Stable sorting with explicit comparator and descending option","High if published separately; use shared canonical","P0","H: research-derived query hypothesis","https://verbcount.com/tools/sort-lines","Cluster source only; not evidence of exact wording or demand","UtilityPilot","MVP; consolidate variants","2026-09-25"
"K018","sort numbers one per line","Interactive task completion","text","UP004","Sort lines","/tools/text/sort-lines/","sort numbers one per line","Unavailable: exact query not sampled","Unavailable at query level; cluster competition High","Unavailable","Unavailable","Unavailable","Unavailable","item2 vs item10; invalid numbers; equal keys; locale accents","Sorted list and explanation of ordering","Unavailable for exact query","Stable sorting with explicit comparator and descending option","High if published separately; use shared canonical","P0","H: research-derived query hypothesis","https://verbcount.com/tools/sort-lines","Cluster source only; not evidence of exact wording or demand","UtilityPilot","MVP; consolidate variants","2026-09-25"
"K019","sort lines by length","Interactive task completion","text","UP004","Sort lines","/tools/text/sort-lines/","sort lines by length","Unavailable: exact query not sampled","Unavailable at query level; cluster competition High","Unavailable","Unavailable","Unavailable","Unavailable","item2 vs item10; invalid numbers; equal keys; locale accents","Sorted list and explanation of ordering","Unavailable for exact query","Stable sorting with explicit comparator and descending option","High if published separately; use shared canonical","P0","H: research-derived query hypothesis","https://verbcount.com/tools/sort-lines","Cluster source only; not evidence of exact wording or demand","UtilityPilot","MVP; consolidate variants","2026-09-25"
"K020","reverse order of lines","Interactive task completion","text","UP004","Sort lines","/tools/text/sort-lines/","reverse order of lines","Unavailable: exact query not sampled","Unavailable at query level; cluster competition High","Unavailable","Unavailable","Unavailable","Unavailable","item2 vs item10; invalid numbers; equal keys; locale accents","Sorted list and explanation of ordering","Unavailable for exact query","Stable sorting with explicit comparator and descending option","High if published separately; use shared canonical","P0","H: research-derived query hypothesis","https://verbcount.com/tools/sort-lines","Cluster source only; not evidence of exact wording or demand","UtilityPilot","MVP; consolidate variants","2026-09-25"
"K021","convert text to lowercase","Interactive task completion","text","UP005","Text case converter","/tools/text/case-converter/","Normalize capitalization of pasted copy","Interactive tool results in search-provider sample","High qualitative; alternatives observed","Unavailable","Unavailable","Unavailable","Unavailable","Turkish I; acronyms; names; title style is not universal","Converted text with editable preview","Relevant alternatives visible; behavior not tested","Locale-aware casing; documented heuristic sentence and title modes","High if published separately; use shared canonical","P1","S: exact query sampled","https://www.charset.org/lowercase","Search-provider result; not a verified Google rank","UtilityPilot","MVP; consolidate variants","2026-09-25"
"K022","convert text to uppercase","Interactive task completion","text","UP005","Text case converter","/tools/text/case-converter/","convert text to uppercase","Unavailable: exact query not sampled","Unavailable at query level; cluster competition High","Unavailable","Unavailable","Unavailable","Unavailable","Turkish I; acronyms; names; title style is not universal","Converted text with editable preview","Unavailable for exact query","Locale-aware casing; documented heuristic sentence and title modes","High if published separately; use shared canonical","P1","H: research-derived query hypothesis","https://www.charset.org/lowercase","Cluster source only; not evidence of exact wording or demand","UtilityPilot","MVP; consolidate variants","2026-09-25"
"K023","sentence case converter","Interactive task completion","text","UP005","Text case converter","/tools/text/case-converter/","sentence case converter","Unavailable: exact query not sampled","Unavailable at query level; cluster competition High","Unavailable","Unavailable","Unavailable","Unavailable","Turkish I; acronyms; names; title style is not universal","Converted text with editable preview","Unavailable for exact query","Locale-aware casing; documented heuristic sentence and title modes","High if published separately; use shared canonical","P1","H: research-derived query hypothesis","https://www.charset.org/lowercase","Cluster source only; not evidence of exact wording or demand","UtilityPilot","MVP; consolidate variants","2026-09-25"
"K024","title case converter online","Interactive task completion","text","UP005","Text case converter","/tools/text/case-converter/","title case converter online","Unavailable: exact query not sampled","Unavailable at query level; cluster competition High","Unavailable","Unavailable","Unavailable","Unavailable","Turkish I; acronyms; names; title style is not universal","Converted text with editable preview","Unavailable for exact query","Locale-aware casing; documented heuristic sentence and title modes","High if published separately; use shared canonical","P1","H: research-derived query hypothesis","https://www.charset.org/lowercase","Cluster source only; not evidence of exact wording or demand","UtilityPilot","MVP; consolidate variants","2026-09-25"
"K025","change capitalization of pasted text","Interactive task completion","text","UP005","Text case converter","/tools/text/case-converter/","change capitalization of pasted text","Unavailable: exact query not sampled","Unavailable at query level; cluster competition High","Unavailable","Unavailable","Unavailable","Unavailable","Turkish I; acronyms; names; title style is not universal","Converted text with editable preview","Unavailable for exact query","Locale-aware casing; documented heuristic sentence and title modes","High if published separately; use shared canonical","P1","H: research-derived query hypothesis","https://www.charset.org/lowercase","Cluster source only; not evidence of exact wording or demand","UtilityPilot","MVP; consolidate variants","2026-09-25"
"K026","find and replace text online","Interactive task completion","text","UP006","Find and replace text","/tools/text/find-and-replace/","Change repeated literal text without editing each occurrence","Interactive tool results in search-provider sample","High qualitative; alternatives observed","Unavailable","Unavailable","Unavailable","Unavailable","Empty search disallowed; replacement dollar signs literal; overlapping matches defined","Preview, match count and replaced text","Relevant alternatives visible; behavior not tested","Literal matching by default; preserve source; explicit Apply","High if published separately; use shared canonical","P1","S: exact query sampled","https://www.utilities.center/utilities/find-and-replace/","Search-provider result; not a verified Google rank","UtilityPilot","MVP; consolidate variants","2026-09-25"
"K027","replace multiple occurrences in text","Interactive task completion","text","UP006","Find and replace text","/tools/text/find-and-replace/","replace multiple occurrences in text","Unavailable: exact query not sampled","Unavailable at query level; cluster competition High","Unavailable","Unavailable","Unavailable","Unavailable","Empty search disallowed; replacement dollar signs literal; overlapping matches defined","Preview, match count and replaced text","Unavailable for exact query","Literal matching by default; preserve source; explicit Apply","High if published separately; use shared canonical","P1","H: research-derived query hypothesis","https://www.utilities.center/utilities/find-and-replace/","Cluster source only; not evidence of exact wording or demand","UtilityPilot","MVP; consolidate variants","2026-09-25"
"K028","replace text case insensitive","Interactive task completion","text","UP006","Find and replace text","/tools/text/find-and-replace/","replace text case insensitive","Unavailable: exact query not sampled","Unavailable at query level; cluster competition High","Unavailable","Unavailable","Unavailable","Unavailable","Empty search disallowed; replacement dollar signs literal; overlapping matches defined","Preview, match count and replaced text","Unavailable for exact query","Literal matching by default; preserve source; explicit Apply","High if published separately; use shared canonical","P1","H: research-derived query hypothesis","https://www.utilities.center/utilities/find-and-replace/","Cluster source only; not evidence of exact wording or demand","UtilityPilot","MVP; consolidate variants","2026-09-25"
"K029","replace whole words online","Interactive task completion","text","UP006","Find and replace text","/tools/text/find-and-replace/","replace whole words online","Unavailable: exact query not sampled","Unavailable at query level; cluster competition High","Unavailable","Unavailable","Unavailable","Unavailable","Empty search disallowed; replacement dollar signs literal; overlapping matches defined","Preview, match count and replaced text","Unavailable for exact query","Literal matching by default; preserve source; explicit Apply","High if published separately; use shared canonical","P1","H: research-derived query hypothesis","https://www.utilities.center/utilities/find-and-replace/","Cluster source only; not evidence of exact wording or demand","UtilityPilot","MVP; consolidate variants","2026-09-25"
"K030","replace commas with line breaks","Interactive task completion","text","UP006","Find and replace text","/tools/text/find-and-replace/","replace commas with line breaks","Unavailable: exact query not sampled","Unavailable at query level; cluster competition High","Unavailable","Unavailable","Unavailable","Unavailable","Empty search disallowed; replacement dollar signs literal; overlapping matches defined","Preview, match count and replaced text","Unavailable for exact query","Literal matching by default; preserve source; explicit Apply","High if published separately; use shared canonical","P1","H: research-derived query hypothesis","https://www.utilities.center/utilities/find-and-replace/","Cluster source only; not evidence of exact wording or demand","UtilityPilot","MVP; consolidate variants","2026-09-25"
"K031","compare two text files online","Interactive task completion","text","UP007","Text difference checker","/tools/text/text-diff/","Locate edits between two versions","Interactive tool results in search-provider sample","High qualitative; alternatives observed","Unavailable","Unavailable","Unavailable","Unavailable","Repeated lines; CRLF; long lines; whitespace settings; no semantic meaning claim","Accessible additions, deletions and unchanged passages","Relevant alternatives visible; behavior not tested","Bounded diff algorithm in worker; context collapse optional","High if published separately; use shared canonical","P1","S: exact query sampled","https://diffsuite.com/compare-two-text-files/","Search-provider result; not a verified Google rank","UtilityPilot","MVP; consolidate variants","2026-09-25"
"K032","highlight differences between two texts","Interactive task completion","text","UP007","Text difference checker","/tools/text/text-diff/","highlight differences between two texts","Unavailable: exact query not sampled","Unavailable at query level; cluster competition High","Unavailable","Unavailable","Unavailable","Unavailable","Repeated lines; CRLF; long lines; whitespace settings; no semantic meaning claim","Accessible additions, deletions and unchanged passages","Unavailable for exact query","Bounded diff algorithm in worker; context collapse optional","High if published separately; use shared canonical","P1","H: research-derived query hypothesis","https://diffsuite.com/compare-two-text-files/","Cluster source only; not evidence of exact wording or demand","UtilityPilot","MVP; consolidate variants","2026-09-25"
"K033","compare text ignoring whitespace","Interactive task completion","text","UP007","Text difference checker","/tools/text/text-diff/","compare text ignoring whitespace","Unavailable: exact query not sampled","Unavailable at query level; cluster competition High","Unavailable","Unavailable","Unavailable","Unavailable","Repeated lines; CRLF; long lines; whitespace settings; no semantic meaning claim","Accessible additions, deletions and unchanged passages","Unavailable for exact query","Bounded diff algorithm in worker; context collapse optional","High if published separately; use shared canonical","P1","H: research-derived query hypothesis","https://diffsuite.com/compare-two-text-files/","Cluster source only; not evidence of exact wording or demand","UtilityPilot","MVP; consolidate variants","2026-09-25"
"K034","word by word text difference","Interactive task completion","text","UP007","Text difference checker","/tools/text/text-diff/","word by word text difference","Unavailable: exact query not sampled","Unavailable at query level; cluster competition High","Unavailable","Unavailable","Unavailable","Unavailable","Repeated lines; CRLF; long lines; whitespace settings; no semantic meaning claim","Accessible additions, deletions and unchanged passages","Unavailable for exact query","Bounded diff algorithm in worker; context collapse optional","High if published separately; use shared canonical","P1","H: research-derived query hypothesis","https://diffsuite.com/compare-two-text-files/","Cluster source only; not evidence of exact wording or demand","UtilityPilot","MVP; consolidate variants","2026-09-25"
"K035","compare pasted text versions","Interactive task completion","text","UP007","Text difference checker","/tools/text/text-diff/","compare pasted text versions","Unavailable: exact query not sampled","Unavailable at query level; cluster competition High","Unavailable","Unavailable","Unavailable","Unavailable","Repeated lines; CRLF; long lines; whitespace settings; no semantic meaning claim","Accessible additions, deletions and unchanged passages","Unavailable for exact query","Bounded diff algorithm in worker; context collapse optional","High if published separately; use shared canonical","P1","H: research-derived query hypothesis","https://diffsuite.com/compare-two-text-files/","Cluster source only; not evidence of exact wording or demand","UtilityPilot","MVP; consolidate variants","2026-09-25"
"K036","compare two lists online","Interactive task completion","text","UP008","Compare lists","/tools/text/compare-lists/","Find shared or missing entries in two lists","Interactive tool results in search-provider sample","High qualitative; alternatives observed","Unavailable","Unavailable","Unavailable","Unavailable","Duplicates vs occurrence counts; empty entries; case; no decision recommendation","Intersection, A-only, B-only and union with counts","Relevant alternatives visible; behavior not tested","Set membership; preserve first-seen order and show duplicate totals separately","High if published separately; use shared canonical","P0","S: exact query sampled","https://www.listcombinator.com/tools/compare-lists/","Search-provider result; not a verified Google rank","UtilityPilot","MVP; consolidate variants","2026-09-25"
"K037","find common items in two lists","Interactive task completion","text","UP008","Compare lists","/tools/text/compare-lists/","find common items in two lists","Unavailable: exact query not sampled","Unavailable at query level; cluster competition High","Unavailable","Unavailable","Unavailable","Unavailable","Duplicates vs occurrence counts; empty entries; case; no decision recommendation","Intersection, A-only, B-only and union with counts","Unavailable for exact query","Set membership; preserve first-seen order and show duplicate totals separately","High if published separately; use shared canonical","P0","H: research-derived query hypothesis","https://www.listcombinator.com/tools/compare-lists/","Cluster source only; not evidence of exact wording or demand","UtilityPilot","MVP; consolidate variants","2026-09-25"
"K038","find missing entries between lists","Interactive task completion","text","UP008","Compare lists","/tools/text/compare-lists/","find missing entries between lists","Unavailable: exact query not sampled","Unavailable at query level; cluster competition High","Unavailable","Unavailable","Unavailable","Unavailable","Duplicates vs occurrence counts; empty entries; case; no decision recommendation","Intersection, A-only, B-only and union with counts","Unavailable for exact query","Set membership; preserve first-seen order and show duplicate totals separately","High if published separately; use shared canonical","P0","H: research-derived query hypothesis","https://www.listcombinator.com/tools/compare-lists/","Cluster source only; not evidence of exact wording or demand","UtilityPilot","MVP; consolidate variants","2026-09-25"
"K039","items in list a not list b","Interactive task completion","text","UP008","Compare lists","/tools/text/compare-lists/","items in list a not list b","Unavailable: exact query not sampled","Unavailable at query level; cluster competition High","Unavailable","Unavailable","Unavailable","Unavailable","Duplicates vs occurrence counts; empty entries; case; no decision recommendation","Intersection, A-only, B-only and union with counts","Unavailable for exact query","Set membership; preserve first-seen order and show duplicate totals separately","High if published separately; use shared canonical","P0","H: research-derived query hypothesis","https://www.listcombinator.com/tools/compare-lists/","Cluster source only; not evidence of exact wording or demand","UtilityPilot","MVP; consolidate variants","2026-09-25"
"K040","combine two lists without duplicates","Interactive task completion","text","UP008","Compare lists","/tools/text/compare-lists/","combine two lists without duplicates","Unavailable: exact query not sampled","Unavailable at query level; cluster competition High","Unavailable","Unavailable","Unavailable","Unavailable","Duplicates vs occurrence counts; empty entries; case; no decision recommendation","Intersection, A-only, B-only and union with counts","Unavailable for exact query","Set membership; preserve first-seen order and show duplicate totals separately","High if published separately; use shared canonical","P0","H: research-derived query hypothesis","https://www.listcombinator.com/tools/compare-lists/","Cluster source only; not evidence of exact wording or demand","UtilityPilot","MVP; consolidate variants","2026-09-25"
"K041","json formatter","Interactive task completion","data","UP009","JSON formatter and validator","/tools/data/json-formatter/","Make JSON readable and identify syntax errors","Interactive tool results in search-provider sample","High qualitative; alternatives observed","Unavailable","Unavailable","Unavailable","Unavailable","Duplicate keys detected; huge integers; trailing commas; depth cap; never silently repair","Formatted or minified JSON; validation diagnostics","Relevant alternatives visible; behavior not tested","Tokenize and parse without eval; preserve number lexemes and key order","High if published separately; use shared canonical","P0","S: exact query sampled","https://json-formatter.org/","Search-provider result; not a verified Google rank","UtilityPilot","MVP; consolidate variants","2026-09-25"
"K042","json beautifier","Interactive task completion","data","UP009","JSON formatter and validator","/tools/data/json-formatter/","json beautifier","Unavailable: exact query not sampled","Unavailable at query level; cluster competition High","Unavailable","Unavailable","Unavailable","Unavailable","Duplicate keys detected; huge integers; trailing commas; depth cap; never silently repair","Formatted or minified JSON; validation diagnostics","Unavailable for exact query","Tokenize and parse without eval; preserve number lexemes and key order","High if published separately; use shared canonical","P0","H: research-derived query hypothesis","https://json-formatter.org/","Cluster source only; not evidence of exact wording or demand","UtilityPilot","MVP; consolidate variants","2026-09-25"
"K043","validate json online","Interactive task completion","data","UP009","JSON formatter and validator","/tools/data/json-formatter/","validate json online","Unavailable: exact query not sampled","Unavailable at query level; cluster competition High","Unavailable","Unavailable","Unavailable","Unavailable","Duplicate keys detected; huge integers; trailing commas; depth cap; never silently repair","Formatted or minified JSON; validation diagnostics","Unavailable for exact query","Tokenize and parse without eval; preserve number lexemes and key order","High if published separately; use shared canonical","P0","H: research-derived query hypothesis","https://json-formatter.org/","Cluster source only; not evidence of exact wording or demand","UtilityPilot","MVP; consolidate variants","2026-09-25"
"K044","json minifier","Interactive task completion","data","UP009","JSON formatter and validator","/tools/data/json-formatter/","json minifier","Unavailable: exact query not sampled","Unavailable at query level; cluster competition High","Unavailable","Unavailable","Unavailable","Unavailable","Duplicate keys detected; huge integers; trailing commas; depth cap; never silently repair","Formatted or minified JSON; validation diagnostics","Unavailable for exact query","Tokenize and parse without eval; preserve number lexemes and key order","High if published separately; use shared canonical","P0","H: research-derived query hypothesis","https://json-formatter.org/","Cluster source only; not evidence of exact wording or demand","UtilityPilot","MVP; consolidate variants","2026-09-25"
"K045","format json without losing large numbers","Interactive task completion","data","UP009","JSON formatter and validator","/tools/data/json-formatter/","format json without losing large numbers","Unavailable: exact query not sampled","Unavailable at query level; cluster competition High","Unavailable","Unavailable","Unavailable","Unavailable","Duplicate keys detected; huge integers; trailing commas; depth cap; never silently repair","Formatted or minified JSON; validation diagnostics","Unavailable for exact query","Tokenize and parse without eval; preserve number lexemes and key order","High if published separately; use shared canonical","P0","H: research-derived query hypothesis","https://json-formatter.org/","Cluster source only; not evidence of exact wording or demand","UtilityPilot","MVP; consolidate variants","2026-09-25"
"K046","convert json to csv online","Interactive task completion","data","UP010","JSON to CSV converter","/tools/data/json-to-csv/","Turn object records into spreadsheet-ready rows","Interactive tool results in search-provider sample","High qualitative; alternatives observed","Unavailable","Unavailable","Unavailable","Unavailable","Dot-key collisions; null vs empty; unsafe spreadsheet formulas; no automatic row explosion","CSV preview, row count and downloadable file","Relevant alternatives visible; behavior not tested","Union keys in first-seen order; nested arrays serialized as JSON; explicit object flattening","High if published separately; use shared canonical","P0","S: exact query sampled","https://filetools.co/data/json-to-csv","Search-provider result; not a verified Google rank","UtilityPilot","MVP; consolidate variants","2026-09-25"
"K047","convert nested json to csv","Interactive task completion","data","UP010","JSON to CSV converter","/tools/data/json-to-csv/","convert nested json to csv","Unavailable: exact query not sampled","Unavailable at query level; cluster competition High","Unavailable","Unavailable","Unavailable","Unavailable","Dot-key collisions; null vs empty; unsafe spreadsheet formulas; no automatic row explosion","CSV preview, row count and downloadable file","Unavailable for exact query","Union keys in first-seen order; nested arrays serialized as JSON; explicit object flattening","High if published separately; use shared canonical","P0","H: research-derived query hypothesis","https://filetools.co/data/json-to-csv","Cluster source only; not evidence of exact wording or demand","UtilityPilot","MVP; consolidate variants","2026-09-25"
"K048","json array of objects to csv","Interactive task completion","data","UP010","JSON to CSV converter","/tools/data/json-to-csv/","json array of objects to csv","Unavailable: exact query not sampled","Unavailable at query level; cluster competition High","Unavailable","Unavailable","Unavailable","Unavailable","Dot-key collisions; null vs empty; unsafe spreadsheet formulas; no automatic row explosion","CSV preview, row count and downloadable file","Unavailable for exact query","Union keys in first-seen order; nested arrays serialized as JSON; explicit object flattening","High if published separately; use shared canonical","P0","H: research-derived query hypothesis","https://filetools.co/data/json-to-csv","Cluster source only; not evidence of exact wording or demand","UtilityPilot","MVP; consolidate variants","2026-09-25"
"K049","json to csv select columns","Interactive task completion","data","UP010","JSON to CSV converter","/tools/data/json-to-csv/","json to csv select columns","Unavailable: exact query not sampled","Unavailable at query level; cluster competition High","Unavailable","Unavailable","Unavailable","Unavailable","Dot-key collisions; null vs empty; unsafe spreadsheet formulas; no automatic row explosion","CSV preview, row count and downloadable file","Unavailable for exact query","Union keys in first-seen order; nested arrays serialized as JSON; explicit object flattening","High if published separately; use shared canonical","P0","H: research-derived query hypothesis","https://filetools.co/data/json-to-csv","Cluster source only; not evidence of exact wording or demand","UtilityPilot","MVP; consolidate variants","2026-09-25"
"K050","json to csv preserve missing fields","Interactive task completion","data","UP010","JSON to CSV converter","/tools/data/json-to-csv/","json to csv preserve missing fields","Unavailable: exact query not sampled","Unavailable at query level; cluster competition High","Unavailable","Unavailable","Unavailable","Unavailable","Dot-key collisions; null vs empty; unsafe spreadsheet formulas; no automatic row explosion","CSV preview, row count and downloadable file","Unavailable for exact query","Union keys in first-seen order; nested arrays serialized as JSON; explicit object flattening","High if published separately; use shared canonical","P0","H: research-derived query hypothesis","https://filetools.co/data/json-to-csv","Cluster source only; not evidence of exact wording or demand","UtilityPilot","MVP; consolidate variants","2026-09-25"
"K051","csv to json online","Interactive task completion","data","UP011","CSV to JSON converter","/tools/data/csv-to-json/","Prepare tabular exports for a JSON consumer","Interactive tool results in search-provider sample","High qualitative; alternatives observed","Unavailable","Unavailable","Unavailable","Unavailable","Duplicate headers; leading zeros; multiline values; BOM; empty rows","Array of objects or arrays; diagnostics","Relevant alternatives visible; behavior not tested","Parse quoted records; strings by default; opt-in types with warnings","High if published separately; use shared canonical","P0","S: exact query sampled","https://csvkit.org/csv-to-json","Search-provider result; not a verified Google rank","UtilityPilot","MVP; consolidate variants","2026-09-25"
"K052","csv to json preserve leading zeros","Interactive task completion","data","UP011","CSV to JSON converter","/tools/data/csv-to-json/","csv to json preserve leading zeros","Unavailable: exact query not sampled","Unavailable at query level; cluster competition High","Unavailable","Unavailable","Unavailable","Unavailable","Duplicate headers; leading zeros; multiline values; BOM; empty rows","Array of objects or arrays; diagnostics","Unavailable for exact query","Parse quoted records; strings by default; opt-in types with warnings","High if published separately; use shared canonical","P0","H: research-derived query hypothesis","https://csvkit.org/csv-to-json","Cluster source only; not evidence of exact wording or demand","UtilityPilot","MVP; consolidate variants","2026-09-25"
"K053","csv to json with headers","Interactive task completion","data","UP011","CSV to JSON converter","/tools/data/csv-to-json/","csv to json with headers","Unavailable: exact query not sampled","Unavailable at query level; cluster competition High","Unavailable","Unavailable","Unavailable","Unavailable","Duplicate headers; leading zeros; multiline values; BOM; empty rows","Array of objects or arrays; diagnostics","Unavailable for exact query","Parse quoted records; strings by default; opt-in types with warnings","High if published separately; use shared canonical","P0","H: research-derived query hypothesis","https://csvkit.org/csv-to-json","Cluster source only; not evidence of exact wording or demand","UtilityPilot","MVP; consolidate variants","2026-09-25"
"K054","csv to json all values as strings","Interactive task completion","data","UP011","CSV to JSON converter","/tools/data/csv-to-json/","csv to json all values as strings","Unavailable: exact query not sampled","Unavailable at query level; cluster competition High","Unavailable","Unavailable","Unavailable","Unavailable","Duplicate headers; leading zeros; multiline values; BOM; empty rows","Array of objects or arrays; diagnostics","Unavailable for exact query","Parse quoted records; strings by default; opt-in types with warnings","High if published separately; use shared canonical","P0","H: research-derived query hypothesis","https://csvkit.org/csv-to-json","Cluster source only; not evidence of exact wording or demand","UtilityPilot","MVP; consolidate variants","2026-09-25"
"K055","convert semicolon csv to json","Interactive task completion","data","UP011","CSV to JSON converter","/tools/data/csv-to-json/","convert semicolon csv to json","Unavailable: exact query not sampled","Unavailable at query level; cluster competition High","Unavailable","Unavailable","Unavailable","Unavailable","Duplicate headers; leading zeros; multiline values; BOM; empty rows","Array of objects or arrays; diagnostics","Unavailable for exact query","Parse quoted records; strings by default; opt-in types with warnings","High if published separately; use shared canonical","P0","H: research-derived query hypothesis","https://csvkit.org/csv-to-json","Cluster source only; not evidence of exact wording or demand","UtilityPilot","MVP; consolidate variants","2026-09-25"
"K056","csv viewer online","Interactive task completion","data","UP012","CSV viewer and validator","/tools/data/csv-viewer/","Inspect a file before importing it","Interactive tool results in search-provider sample","High qualitative; alternatives observed","Unavailable","Unavailable","Unavailable","Unavailable","Ragged rows; quoted newlines; duplicate headers; never render cells as HTML","Virtualized table; record/column counts; parse diagnostics","Relevant alternatives visible; behavior not tested","Real record parser; bounded table preview distinct from full data","High if published separately; use shared canonical","P0","S: exact query sampled","https://opencsvviewer.com/","Search-provider result; not a verified Google rank","UtilityPilot","MVP; consolidate variants","2026-09-25"
"K057","check csv for formatting errors","Interactive task completion","data","UP012","CSV viewer and validator","/tools/data/csv-viewer/","check csv for formatting errors","Unavailable: exact query not sampled","Unavailable at query level; cluster competition High","Unavailable","Unavailable","Unavailable","Unavailable","Ragged rows; quoted newlines; duplicate headers; never render cells as HTML","Virtualized table; record/column counts; parse diagnostics","Unavailable for exact query","Real record parser; bounded table preview distinct from full data","High if published separately; use shared canonical","P0","H: research-derived query hypothesis","https://opencsvviewer.com/","Cluster source only; not evidence of exact wording or demand","UtilityPilot","MVP; consolidate variants","2026-09-25"
"K058","validate csv column count","Interactive task completion","data","UP012","CSV viewer and validator","/tools/data/csv-viewer/","validate csv column count","Unavailable: exact query not sampled","Unavailable at query level; cluster competition High","Unavailable","Unavailable","Unavailable","Unavailable","Ragged rows; quoted newlines; duplicate headers; never render cells as HTML","Virtualized table; record/column counts; parse diagnostics","Unavailable for exact query","Real record parser; bounded table preview distinct from full data","High if published separately; use shared canonical","P0","H: research-derived query hypothesis","https://opencsvviewer.com/","Cluster source only; not evidence of exact wording or demand","UtilityPilot","MVP; consolidate variants","2026-09-25"
"K059","view csv with quoted newlines","Interactive task completion","data","UP012","CSV viewer and validator","/tools/data/csv-viewer/","view csv with quoted newlines","Unavailable: exact query not sampled","Unavailable at query level; cluster competition High","Unavailable","Unavailable","Unavailable","Unavailable","Ragged rows; quoted newlines; duplicate headers; never render cells as HTML","Virtualized table; record/column counts; parse diagnostics","Unavailable for exact query","Real record parser; bounded table preview distinct from full data","High if published separately; use shared canonical","P0","H: research-derived query hypothesis","https://opencsvviewer.com/","Cluster source only; not evidence of exact wording or demand","UtilityPilot","MVP; consolidate variants","2026-09-25"
"K060","inspect csv delimiter","Interactive task completion","data","UP012","CSV viewer and validator","/tools/data/csv-viewer/","inspect csv delimiter","Unavailable: exact query not sampled","Unavailable at query level; cluster competition High","Unavailable","Unavailable","Unavailable","Unavailable","Ragged rows; quoted newlines; duplicate headers; never render cells as HTML","Virtualized table; record/column counts; parse diagnostics","Unavailable for exact query","Real record parser; bounded table preview distinct from full data","High if published separately; use shared canonical","P0","H: research-derived query hypothesis","https://opencsvviewer.com/","Cluster source only; not evidence of exact wording or demand","UtilityPilot","MVP; consolidate variants","2026-09-25"
"K061","remove duplicate rows csv online","Interactive task completion","data","UP013","Remove duplicate CSV rows","/tools/data/csv-deduplicate/","Remove duplicate records by selected fields","Interactive tool results in search-provider sample","High qualitative; alternatives observed","Unavailable","Unavailable","Unavailable","Unavailable","Composite key collisions; blanks; header retention; quoted delimiters","CSV plus retained and removed record counts","Relevant alternatives visible; behavior not tested","Compare tuples of field values rather than joined ambiguous strings","High if published separately; use shared canonical","P0","S: exact query sampled","https://csvtools.com/remove-duplicates/","Search-provider result; not a verified Google rank","UtilityPilot","MVP; consolidate variants","2026-09-25"
"K062","remove csv duplicates by column","Interactive task completion","data","UP013","Remove duplicate CSV rows","/tools/data/csv-deduplicate/","remove csv duplicates by column","Unavailable: exact query not sampled","Unavailable at query level; cluster competition High","Unavailable","Unavailable","Unavailable","Unavailable","Composite key collisions; blanks; header retention; quoted delimiters","CSV plus retained and removed record counts","Unavailable for exact query","Compare tuples of field values rather than joined ambiguous strings","High if published separately; use shared canonical","P0","H: research-derived query hypothesis","https://csvtools.com/remove-duplicates/","Cluster source only; not evidence of exact wording or demand","UtilityPilot","MVP; consolidate variants","2026-09-25"
"K063","deduplicate csv keep header","Interactive task completion","data","UP013","Remove duplicate CSV rows","/tools/data/csv-deduplicate/","deduplicate csv keep header","Unavailable: exact query not sampled","Unavailable at query level; cluster competition High","Unavailable","Unavailable","Unavailable","Unavailable","Composite key collisions; blanks; header retention; quoted delimiters","CSV plus retained and removed record counts","Unavailable for exact query","Compare tuples of field values rather than joined ambiguous strings","High if published separately; use shared canonical","P0","H: research-derived query hypothesis","https://csvtools.com/remove-duplicates/","Cluster source only; not evidence of exact wording or demand","UtilityPilot","MVP; consolidate variants","2026-09-25"
"K064","keep last duplicate csv row","Interactive task completion","data","UP013","Remove duplicate CSV rows","/tools/data/csv-deduplicate/","keep last duplicate csv row","Unavailable: exact query not sampled","Unavailable at query level; cluster competition High","Unavailable","Unavailable","Unavailable","Unavailable","Composite key collisions; blanks; header retention; quoted delimiters","CSV plus retained and removed record counts","Unavailable for exact query","Compare tuples of field values rather than joined ambiguous strings","High if published separately; use shared canonical","P0","H: research-derived query hypothesis","https://csvtools.com/remove-duplicates/","Cluster source only; not evidence of exact wording or demand","UtilityPilot","MVP; consolidate variants","2026-09-25"
"K065","find duplicate csv records by two columns","Interactive task completion","data","UP013","Remove duplicate CSV rows","/tools/data/csv-deduplicate/","find duplicate csv records by two columns","Unavailable: exact query not sampled","Unavailable at query level; cluster competition High","Unavailable","Unavailable","Unavailable","Unavailable","Composite key collisions; blanks; header retention; quoted delimiters","CSV plus retained and removed record counts","Unavailable for exact query","Compare tuples of field values rather than joined ambiguous strings","High if published separately; use shared canonical","P0","H: research-derived query hypothesis","https://csvtools.com/remove-duplicates/","Cluster source only; not evidence of exact wording or demand","UtilityPilot","MVP; consolidate variants","2026-09-25"
"K066","select columns from csv online","Interactive task completion","data","UP014","CSV column editor","/tools/data/csv-column-editor/","Select, rename and reorder fields for an import","Interactive tool results in search-provider sample","High qualitative; alternatives observed","Unavailable","Unavailable","Unavailable","Unavailable","Duplicate output names rejected; preserve leading zeros; empty selection rejected","Transformed CSV and schema preview","Relevant alternatives visible; behavior not tested","Operate on parsed field positions; keyboard reorder controls","High if published separately; use shared canonical","P0","S: exact query sampled","https://toolxkit.com/tools/csv-columns/","Search-provider result; not a verified Google rank","UtilityPilot","MVP; consolidate variants","2026-09-25"
"K067","reorder csv columns online","Interactive task completion","data","UP014","CSV column editor","/tools/data/csv-column-editor/","reorder csv columns online","Unavailable: exact query not sampled","Unavailable at query level; cluster competition High","Unavailable","Unavailable","Unavailable","Unavailable","Duplicate output names rejected; preserve leading zeros; empty selection rejected","Transformed CSV and schema preview","Unavailable for exact query","Operate on parsed field positions; keyboard reorder controls","High if published separately; use shared canonical","P0","H: research-derived query hypothesis","https://toolxkit.com/tools/csv-columns/","Cluster source only; not evidence of exact wording or demand","UtilityPilot","MVP; consolidate variants","2026-09-25"
"K068","remove a column from csv","Interactive task completion","data","UP014","CSV column editor","/tools/data/csv-column-editor/","remove a column from csv","Unavailable: exact query not sampled","Unavailable at query level; cluster competition High","Unavailable","Unavailable","Unavailable","Unavailable","Duplicate output names rejected; preserve leading zeros; empty selection rejected","Transformed CSV and schema preview","Unavailable for exact query","Operate on parsed field positions; keyboard reorder controls","High if published separately; use shared canonical","P0","H: research-derived query hypothesis","https://toolxkit.com/tools/csv-columns/","Cluster source only; not evidence of exact wording or demand","UtilityPilot","MVP; consolidate variants","2026-09-25"
"K069","rename csv headers","Interactive task completion","data","UP014","CSV column editor","/tools/data/csv-column-editor/","rename csv headers","Unavailable: exact query not sampled","Unavailable at query level; cluster competition High","Unavailable","Unavailable","Unavailable","Unavailable","Duplicate output names rejected; preserve leading zeros; empty selection rejected","Transformed CSV and schema preview","Unavailable for exact query","Operate on parsed field positions; keyboard reorder controls","High if published separately; use shared canonical","P0","H: research-derived query hypothesis","https://toolxkit.com/tools/csv-columns/","Cluster source only; not evidence of exact wording or demand","UtilityPilot","MVP; consolidate variants","2026-09-25"
"K070","extract one column from csv","Interactive task completion","data","UP014","CSV column editor","/tools/data/csv-column-editor/","extract one column from csv","Unavailable: exact query not sampled","Unavailable at query level; cluster competition High","Unavailable","Unavailable","Unavailable","Unavailable","Duplicate output names rejected; preserve leading zeros; empty selection rejected","Transformed CSV and schema preview","Unavailable for exact query","Operate on parsed field positions; keyboard reorder controls","High if published separately; use shared canonical","P0","H: research-derived query hypothesis","https://toolxkit.com/tools/csv-columns/","Cluster source only; not evidence of exact wording or demand","UtilityPilot","MVP; consolidate variants","2026-09-25"
"K071","convert csv to tsv","Interactive task completion","data","UP015","CSV and TSV delimiter converter","/tools/data/delimiter-converter/","Match the delimiter expected by another application","Interactive tool results in search-provider sample","High qualitative; alternatives observed","Unavailable","Unavailable","Unavailable","Unavailable","Embedded tabs and commas; quotes; multiline cells; BOM","Re-serialized delimited file and preview","Relevant alternatives visible; behavior not tested","Parse then serialize; never globally replace delimiter characters","High if published separately; use shared canonical","P0","S: exact query sampled","https://www.w3schools.com/tools/tool_csv_tsv.php","Search-provider result; not a verified Google rank","UtilityPilot","MVP; consolidate variants","2026-09-25"
"K072","convert tsv to csv","Interactive task completion","data","UP015","CSV and TSV delimiter converter","/tools/data/delimiter-converter/","convert tsv to csv","Unavailable: exact query not sampled","Unavailable at query level; cluster competition High","Unavailable","Unavailable","Unavailable","Unavailable","Embedded tabs and commas; quotes; multiline cells; BOM","Re-serialized delimited file and preview","Unavailable for exact query","Parse then serialize; never globally replace delimiter characters","High if published separately; use shared canonical","P0","H: research-derived query hypothesis","https://www.w3schools.com/tools/tool_csv_tsv.php","Cluster source only; not evidence of exact wording or demand","UtilityPilot","MVP; consolidate variants","2026-09-25"
"K073","change csv delimiter to semicolon","Interactive task completion","data","UP015","CSV and TSV delimiter converter","/tools/data/delimiter-converter/","change csv delimiter to semicolon","Unavailable: exact query not sampled","Unavailable at query level; cluster competition High","Unavailable","Unavailable","Unavailable","Unavailable","Embedded tabs and commas; quotes; multiline cells; BOM","Re-serialized delimited file and preview","Unavailable for exact query","Parse then serialize; never globally replace delimiter characters","High if published separately; use shared canonical","P0","H: research-derived query hypothesis","https://www.w3schools.com/tools/tool_csv_tsv.php","Cluster source only; not evidence of exact wording or demand","UtilityPilot","MVP; consolidate variants","2026-09-25"
"K074","replace csv delimiter without changing quoted text","Interactive task completion","data","UP015","CSV and TSV delimiter converter","/tools/data/delimiter-converter/","replace csv delimiter without changing quoted text","Unavailable: exact query not sampled","Unavailable at query level; cluster competition High","Unavailable","Unavailable","Unavailable","Unavailable","Embedded tabs and commas; quotes; multiline cells; BOM","Re-serialized delimited file and preview","Unavailable for exact query","Parse then serialize; never globally replace delimiter characters","High if published separately; use shared canonical","P0","H: research-derived query hypothesis","https://www.w3schools.com/tools/tool_csv_tsv.php","Cluster source only; not evidence of exact wording or demand","UtilityPilot","MVP; consolidate variants","2026-09-25"
"K075","convert pipe delimited file to csv","Interactive task completion","data","UP015","CSV and TSV delimiter converter","/tools/data/delimiter-converter/","convert pipe delimited file to csv","Unavailable: exact query not sampled","Unavailable at query level; cluster competition High","Unavailable","Unavailable","Unavailable","Unavailable","Embedded tabs and commas; quotes; multiline cells; BOM","Re-serialized delimited file and preview","Unavailable for exact query","Parse then serialize; never globally replace delimiter characters","High if published separately; use shared canonical","P0","H: research-derived query hypothesis","https://www.w3schools.com/tools/tool_csv_tsv.php","Cluster source only; not evidence of exact wording or demand","UtilityPilot","MVP; consolidate variants","2026-09-25"
"K076","merge csv files same headers","Interactive task completion","data","UP016","Merge CSV files","/tools/data/csv-merge/","Append repeated exports into one dataset","Mixed tools and programming Q&A","High qualitative; alternatives observed","Unavailable","Unavailable","Unavailable","Unavailable","No relational joins; mismatched schema blocks export; header-only file; file order","One CSV; per-file row counts and mismatch errors","Relevant alternatives visible; behavior not tested","MVP requires identical headers in identical order; append records once","High if published separately; use shared canonical","P1","S: exact query sampled","https://stackoverflow.com/questions/69297088/merge-csv-files-if-they-have-the-same-columns-headers-if-not-split","Search-provider result; not a verified Google rank","UtilityPilot","MVP; consolidate variants","2026-09-25"
"K077","combine csv files into one online","Interactive task completion","data","UP016","Merge CSV files","/tools/data/csv-merge/","combine csv files into one online","Unavailable: exact query not sampled","Unavailable at query level; cluster competition High","Unavailable","Unavailable","Unavailable","Unavailable","No relational joins; mismatched schema blocks export; header-only file; file order","One CSV; per-file row counts and mismatch errors","Unavailable for exact query","MVP requires identical headers in identical order; append records once","High if published separately; use shared canonical","P1","H: research-derived query hypothesis","https://stackoverflow.com/questions/69297088/merge-csv-files-if-they-have-the-same-columns-headers-if-not-split","Cluster source only; not evidence of exact wording or demand","UtilityPilot","MVP; consolidate variants","2026-09-25"
"K078","merge csv without duplicate headers","Interactive task completion","data","UP016","Merge CSV files","/tools/data/csv-merge/","merge csv without duplicate headers","Unavailable: exact query not sampled","Unavailable at query level; cluster competition High","Unavailable","Unavailable","Unavailable","Unavailable","No relational joins; mismatched schema blocks export; header-only file; file order","One CSV; per-file row counts and mismatch errors","Unavailable for exact query","MVP requires identical headers in identical order; append records once","High if published separately; use shared canonical","P1","H: research-derived query hypothesis","https://stackoverflow.com/questions/69297088/merge-csv-files-if-they-have-the-same-columns-headers-if-not-split","Cluster source only; not evidence of exact wording or demand","UtilityPilot","MVP; consolidate variants","2026-09-25"
"K079","append csv files in browser","Interactive task completion","data","UP016","Merge CSV files","/tools/data/csv-merge/","append csv files in browser","Unavailable: exact query not sampled","Unavailable at query level; cluster competition High","Unavailable","Unavailable","Unavailable","Unavailable","No relational joins; mismatched schema blocks export; header-only file; file order","One CSV; per-file row counts and mismatch errors","Unavailable for exact query","MVP requires identical headers in identical order; append records once","High if published separately; use shared canonical","P1","H: research-derived query hypothesis","https://stackoverflow.com/questions/69297088/merge-csv-files-if-they-have-the-same-columns-headers-if-not-split","Cluster source only; not evidence of exact wording or demand","UtilityPilot","MVP; consolidate variants","2026-09-25"
"K080","merge csv files preserve row order","Interactive task completion","data","UP016","Merge CSV files","/tools/data/csv-merge/","merge csv files preserve row order","Unavailable: exact query not sampled","Unavailable at query level; cluster competition High","Unavailable","Unavailable","Unavailable","Unavailable","No relational joins; mismatched schema blocks export; header-only file; file order","One CSV; per-file row counts and mismatch errors","Unavailable for exact query","MVP requires identical headers in identical order; append records once","High if published separately; use shared canonical","P1","H: research-derived query hypothesis","https://stackoverflow.com/questions/69297088/merge-csv-files-if-they-have-the-same-columns-headers-if-not-split","Cluster source only; not evidence of exact wording or demand","UtilityPilot","MVP; consolidate variants","2026-09-25"
"K081","split csv file by rows online","Interactive task completion","data","UP017","Split CSV file","/tools/data/csv-split/","Produce smaller import batches","Interactive tool results in search-provider sample","High qualitative; alternatives observed","Unavailable","Unavailable","Unavailable","Unavailable","Quoted newlines; final partial batch; huge part counts capped; no byte-size guarantee","Numbered CSV downloads and manifest counts","Relevant alternatives visible; behavior not tested","Split parsed records instead of physical lines; generate parts on demand","High if published separately; use shared canonical","P1","S: exact query sampled","https://csvkit.org/split-csv","Search-provider result; not a verified Google rank","UtilityPilot","MVP; consolidate variants","2026-09-25"
"K082","split csv keep header","Interactive task completion","data","UP017","Split CSV file","/tools/data/csv-split/","split csv keep header","Unavailable: exact query not sampled","Unavailable at query level; cluster competition High","Unavailable","Unavailable","Unavailable","Unavailable","Quoted newlines; final partial batch; huge part counts capped; no byte-size guarantee","Numbered CSV downloads and manifest counts","Unavailable for exact query","Split parsed records instead of physical lines; generate parts on demand","High if published separately; use shared canonical","P1","H: research-derived query hypothesis","https://csvkit.org/split-csv","Cluster source only; not evidence of exact wording or demand","UtilityPilot","MVP; consolidate variants","2026-09-25"
"K083","split csv into 1000 row files","Interactive task completion","data","UP017","Split CSV file","/tools/data/csv-split/","split csv into 1000 row files","Unavailable: exact query not sampled","Unavailable at query level; cluster competition High","Unavailable","Unavailable","Unavailable","Unavailable","Quoted newlines; final partial batch; huge part counts capped; no byte-size guarantee","Numbered CSV downloads and manifest counts","Unavailable for exact query","Split parsed records instead of physical lines; generate parts on demand","High if published separately; use shared canonical","P1","H: research-derived query hypothesis","https://csvkit.org/split-csv","Cluster source only; not evidence of exact wording or demand","UtilityPilot","MVP; consolidate variants","2026-09-25"
"K084","split csv containing multiline fields","Interactive task completion","data","UP017","Split CSV file","/tools/data/csv-split/","split csv containing multiline fields","Unavailable: exact query not sampled","Unavailable at query level; cluster competition High","Unavailable","Unavailable","Unavailable","Unavailable","Quoted newlines; final partial batch; huge part counts capped; no byte-size guarantee","Numbered CSV downloads and manifest counts","Unavailable for exact query","Split parsed records instead of physical lines; generate parts on demand","High if published separately; use shared canonical","P1","H: research-derived query hypothesis","https://csvkit.org/split-csv","Cluster source only; not evidence of exact wording or demand","UtilityPilot","MVP; consolidate variants","2026-09-25"
"K085","split csv without uploading","Interactive task completion","data","UP017","Split CSV file","/tools/data/csv-split/","split csv without uploading","Unavailable: exact query not sampled","Unavailable at query level; cluster competition High","Unavailable","Unavailable","Unavailable","Unavailable","Quoted newlines; final partial batch; huge part counts capped; no byte-size guarantee","Numbered CSV downloads and manifest counts","Unavailable for exact query","Split parsed records instead of physical lines; generate parts on demand","High if published separately; use shared canonical","P1","H: research-derived query hypothesis","https://csvkit.org/split-csv","Cluster source only; not evidence of exact wording or demand","UtilityPilot","MVP; consolidate variants","2026-09-25"
"K086","resize image exact dimensions online","Interactive task completion","image","UP018","Image resizer","/tools/image/image-resizer/","Meet a pixel-dimension requirement","Interactive tool results in search-provider sample","High qualitative; alternatives observed","Unavailable","Unavailable","Unavailable","Unavailable","No upscaling by default; transparency; metadata behavior; no promise of lossless resizing","Resized image with before/after dimensions and bytes","Relevant alternatives visible; behavior not tested","Decode orientation; raster resampling; aspect lock default","High if published separately; use shared canonical","P0","S: exact query sampled","https://imgtweak.com/resize-image","Search-provider result; not a verified Google rank","UtilityPilot","MVP; consolidate variants","2026-09-25"
"K087","resize image keep aspect ratio","Interactive task completion","image","UP018","Image resizer","/tools/image/image-resizer/","resize image keep aspect ratio","Unavailable: exact query not sampled","Unavailable at query level; cluster competition High","Unavailable","Unavailable","Unavailable","Unavailable","No upscaling by default; transparency; metadata behavior; no promise of lossless resizing","Resized image with before/after dimensions and bytes","Unavailable for exact query","Decode orientation; raster resampling; aspect lock default","High if published separately; use shared canonical","P0","H: research-derived query hypothesis","https://imgtweak.com/resize-image","Cluster source only; not evidence of exact wording or demand","UtilityPilot","MVP; consolidate variants","2026-09-25"
"K088","resize image by percentage","Interactive task completion","image","UP018","Image resizer","/tools/image/image-resizer/","resize image by percentage","Unavailable: exact query not sampled","Unavailable at query level; cluster competition High","Unavailable","Unavailable","Unavailable","Unavailable","No upscaling by default; transparency; metadata behavior; no promise of lossless resizing","Resized image with before/after dimensions and bytes","Unavailable for exact query","Decode orientation; raster resampling; aspect lock default","High if published separately; use shared canonical","P0","H: research-derived query hypothesis","https://imgtweak.com/resize-image","Cluster source only; not evidence of exact wording or demand","UtilityPilot","MVP; consolidate variants","2026-09-25"
"K089","resize image without stretching","Interactive task completion","image","UP018","Image resizer","/tools/image/image-resizer/","resize image without stretching","Unavailable: exact query not sampled","Unavailable at query level; cluster competition High","Unavailable","Unavailable","Unavailable","Unavailable","No upscaling by default; transparency; metadata behavior; no promise of lossless resizing","Resized image with before/after dimensions and bytes","Unavailable for exact query","Decode orientation; raster resampling; aspect lock default","High if published separately; use shared canonical","P0","H: research-derived query hypothesis","https://imgtweak.com/resize-image","Cluster source only; not evidence of exact wording or demand","UtilityPilot","MVP; consolidate variants","2026-09-25"
"K090","resize png with transparency","Interactive task completion","image","UP018","Image resizer","/tools/image/image-resizer/","resize png with transparency","Unavailable: exact query not sampled","Unavailable at query level; cluster competition High","Unavailable","Unavailable","Unavailable","Unavailable","No upscaling by default; transparency; metadata behavior; no promise of lossless resizing","Resized image with before/after dimensions and bytes","Unavailable for exact query","Decode orientation; raster resampling; aspect lock default","High if published separately; use shared canonical","P0","H: research-derived query hypothesis","https://imgtweak.com/resize-image","Cluster source only; not evidence of exact wording or demand","UtilityPilot","MVP; consolidate variants","2026-09-25"
"K091","compress image to target size","Interactive task completion","image","UP019","Image compressor","/tools/image/image-compressor/","Reduce bytes for an upload","Interactive tool results in search-provider sample","High qualitative; alternatives observed","Unavailable","Unavailable","Unavailable","Unavailable","Never promise target met; PNG may grow; target impossible; no universal no-quality-loss claim","Best candidate, actual byte size and target met/unmet","Relevant alternatives visible; behavior not tested","Bounded quality search for lossy encoders; PNG re-encode with honest limits","High if published separately; use shared canonical","P0","S: exact query sampled","https://deshkit.com/compresstosize/","Search-provider result; not a verified Google rank","UtilityPilot","MVP; consolidate variants","2026-09-25"
"K092","compress jpeg under 200kb","Interactive task completion","image","UP019","Image compressor","/tools/image/image-compressor/","compress jpeg under 200kb","Unavailable: exact query not sampled","Unavailable at query level; cluster competition High","Unavailable","Unavailable","Unavailable","Unavailable","Never promise target met; PNG may grow; target impossible; no universal no-quality-loss claim","Best candidate, actual byte size and target met/unmet","Unavailable for exact query","Bounded quality search for lossy encoders; PNG re-encode with honest limits","High if published separately; use shared canonical","P0","H: research-derived query hypothesis","https://deshkit.com/compresstosize/","Cluster source only; not evidence of exact wording or demand","UtilityPilot","MVP; consolidate variants","2026-09-25"
"K093","reduce webp file size online","Interactive task completion","image","UP019","Image compressor","/tools/image/image-compressor/","reduce webp file size online","Unavailable: exact query not sampled","Unavailable at query level; cluster competition High","Unavailable","Unavailable","Unavailable","Unavailable","Never promise target met; PNG may grow; target impossible; no universal no-quality-loss claim","Best candidate, actual byte size and target met/unmet","Unavailable for exact query","Bounded quality search for lossy encoders; PNG re-encode with honest limits","High if published separately; use shared canonical","P0","H: research-derived query hypothesis","https://deshkit.com/compresstosize/","Cluster source only; not evidence of exact wording or demand","UtilityPilot","MVP; consolidate variants","2026-09-25"
"K094","compress image without resizing","Interactive task completion","image","UP019","Image compressor","/tools/image/image-compressor/","compress image without resizing","Unavailable: exact query not sampled","Unavailable at query level; cluster competition High","Unavailable","Unavailable","Unavailable","Unavailable","Never promise target met; PNG may grow; target impossible; no universal no-quality-loss claim","Best candidate, actual byte size and target met/unmet","Unavailable for exact query","Bounded quality search for lossy encoders; PNG re-encode with honest limits","High if published separately; use shared canonical","P0","H: research-derived query hypothesis","https://deshkit.com/compresstosize/","Cluster source only; not evidence of exact wording or demand","UtilityPilot","MVP; consolidate variants","2026-09-25"
"K095","why compressed png is larger","Interactive task completion","image","UP019","Image compressor","/tools/image/image-compressor/","why compressed png is larger","Unavailable: exact query not sampled","Unavailable at query level; cluster competition High","Unavailable","Unavailable","Unavailable","Unavailable","Never promise target met; PNG may grow; target impossible; no universal no-quality-loss claim","Best candidate, actual byte size and target met/unmet","Unavailable for exact query","Bounded quality search for lossy encoders; PNG re-encode with honest limits","High if published separately; use shared canonical","P0","H: research-derived query hypothesis","https://deshkit.com/compresstosize/","Cluster source only; not evidence of exact wording or demand","UtilityPilot","MVP; consolidate variants","2026-09-25"
"K096","webp to png online","Interactive task completion","image","UP020","Image format converter","/tools/image/image-converter/","Use a supported format in another app","Interactive tool results in search-provider sample","High qualitative; alternatives observed","Unavailable","Unavailable","Unavailable","Unavailable","WebP encoder availability; alpha to JPEG needs matte; no HEIC SVG animated images MVP","Converted file and transparency/size explanation","Relevant alternatives visible; behavior not tested","Decode and re-encode through supported browser codec; verify output MIME","High if published separately; use shared canonical","P0","S: exact query sampled","https://www.w3schools.com/tools/tool_webp_to_png.php","Search-provider result; not a verified Google rank","UtilityPilot","MVP; consolidate variants","2026-09-25"
"K097","png to jpg white background","Interactive task completion","image","UP020","Image format converter","/tools/image/image-converter/","png to jpg white background","Unavailable: exact query not sampled","Unavailable at query level; cluster competition High","Unavailable","Unavailable","Unavailable","Unavailable","WebP encoder availability; alpha to JPEG needs matte; no HEIC SVG animated images MVP","Converted file and transparency/size explanation","Unavailable for exact query","Decode and re-encode through supported browser codec; verify output MIME","High if published separately; use shared canonical","P0","H: research-derived query hypothesis","https://www.w3schools.com/tools/tool_webp_to_png.php","Cluster source only; not evidence of exact wording or demand","UtilityPilot","MVP; consolidate variants","2026-09-25"
"K098","jpg to webp converter","Interactive task completion","image","UP020","Image format converter","/tools/image/image-converter/","jpg to webp converter","Unavailable: exact query not sampled","Unavailable at query level; cluster competition High","Unavailable","Unavailable","Unavailable","Unavailable","WebP encoder availability; alpha to JPEG needs matte; no HEIC SVG animated images MVP","Converted file and transparency/size explanation","Unavailable for exact query","Decode and re-encode through supported browser codec; verify output MIME","High if published separately; use shared canonical","P0","H: research-derived query hypothesis","https://www.w3schools.com/tools/tool_webp_to_png.php","Cluster source only; not evidence of exact wording or demand","UtilityPilot","MVP; consolidate variants","2026-09-25"
"K099","webp to jpg converter","Interactive task completion","image","UP020","Image format converter","/tools/image/image-converter/","webp to jpg converter","Unavailable: exact query not sampled","Unavailable at query level; cluster competition High","Unavailable","Unavailable","Unavailable","Unavailable","WebP encoder availability; alpha to JPEG needs matte; no HEIC SVG animated images MVP","Converted file and transparency/size explanation","Unavailable for exact query","Decode and re-encode through supported browser codec; verify output MIME","High if published separately; use shared canonical","P0","H: research-derived query hypothesis","https://www.w3schools.com/tools/tool_webp_to_png.php","Cluster source only; not evidence of exact wording or demand","UtilityPilot","MVP; consolidate variants","2026-09-25"
"K100","convert png to webp transparent","Interactive task completion","image","UP020","Image format converter","/tools/image/image-converter/","convert png to webp transparent","Unavailable: exact query not sampled","Unavailable at query level; cluster competition High","Unavailable","Unavailable","Unavailable","Unavailable","WebP encoder availability; alpha to JPEG needs matte; no HEIC SVG animated images MVP","Converted file and transparency/size explanation","Unavailable for exact query","Decode and re-encode through supported browser codec; verify output MIME","High if published separately; use shared canonical","P0","H: research-derived query hypothesis","https://www.w3schools.com/tools/tool_webp_to_png.php","Cluster source only; not evidence of exact wording or demand","UtilityPilot","MVP; consolidate variants","2026-09-25"
"K101","crop image to aspect ratio","Interactive task completion","image","UP021","Image cropper","/tools/image/image-cropper/","Remove unwanted borders or frame an image","Interactive tool results in search-provider sample","High qualitative; alternatives observed","Unavailable","Unavailable","Unavailable","Unavailable","Bounds; tiny crops; touch; original retained; no face detection promise","Cropped file and dimension preview","Relevant alternatives visible; behavior not tested","Integer pixel crop after orientation; numeric controls supplement pointer handles","High if published separately; use shared canonical","P1","S: exact query sampled","https://www.w3schools.com/tools/tool_image_crop.php","Search-provider result; not a verified Google rank","UtilityPilot","MVP; consolidate variants","2026-09-25"
"K102","crop image exact pixels","Interactive task completion","image","UP021","Image cropper","/tools/image/image-cropper/","crop image exact pixels","Unavailable: exact query not sampled","Unavailable at query level; cluster competition High","Unavailable","Unavailable","Unavailable","Unavailable","Bounds; tiny crops; touch; original retained; no face detection promise","Cropped file and dimension preview","Unavailable for exact query","Integer pixel crop after orientation; numeric controls supplement pointer handles","High if published separately; use shared canonical","P1","H: research-derived query hypothesis","https://www.w3schools.com/tools/tool_image_crop.php","Cluster source only; not evidence of exact wording or demand","UtilityPilot","MVP; consolidate variants","2026-09-25"
"K103","crop square image online","Interactive task completion","image","UP021","Image cropper","/tools/image/image-cropper/","crop square image online","Unavailable: exact query not sampled","Unavailable at query level; cluster competition High","Unavailable","Unavailable","Unavailable","Unavailable","Bounds; tiny crops; touch; original retained; no face detection promise","Cropped file and dimension preview","Unavailable for exact query","Integer pixel crop after orientation; numeric controls supplement pointer handles","High if published separately; use shared canonical","P1","H: research-derived query hypothesis","https://www.w3schools.com/tools/tool_image_crop.php","Cluster source only; not evidence of exact wording or demand","UtilityPilot","MVP; consolidate variants","2026-09-25"
"K104","remove image borders by cropping","Interactive task completion","image","UP021","Image cropper","/tools/image/image-cropper/","remove image borders by cropping","Unavailable: exact query not sampled","Unavailable at query level; cluster competition High","Unavailable","Unavailable","Unavailable","Unavailable","Bounds; tiny crops; touch; original retained; no face detection promise","Cropped file and dimension preview","Unavailable for exact query","Integer pixel crop after orientation; numeric controls supplement pointer handles","High if published separately; use shared canonical","P1","H: research-derived query hypothesis","https://www.w3schools.com/tools/tool_image_crop.php","Cluster source only; not evidence of exact wording or demand","UtilityPilot","MVP; consolidate variants","2026-09-25"
"K105","crop image without resizing","Interactive task completion","image","UP021","Image cropper","/tools/image/image-cropper/","crop image without resizing","Unavailable: exact query not sampled","Unavailable at query level; cluster competition High","Unavailable","Unavailable","Unavailable","Unavailable","Bounds; tiny crops; touch; original retained; no face detection promise","Cropped file and dimension preview","Unavailable for exact query","Integer pixel crop after orientation; numeric controls supplement pointer handles","High if published separately; use shared canonical","P1","H: research-derived query hypothesis","https://www.w3schools.com/tools/tool_image_crop.php","Cluster source only; not evidence of exact wording or demand","UtilityPilot","MVP; consolidate variants","2026-09-25"
"K106","image dimension checker online","Interactive task completion","image","UP022","Image size and dimension checker","/tools/image/image-inspector/","Understand why an image fails requirements","Interactive tool results in search-provider sample","High qualitative; alternatives observed","Unavailable","Unavailable","Unavailable","Unavailable","Extension vs detected type; no comprehensive EXIF/GPS claim; pixel count differs from bytes","Pixel width/height, actual bytes, MIME observation, ratio and alpha report","Relevant alternatives visible; behavior not tested","Read file properties and decode dimensions; inspect pixels where needed","High if published separately; use shared canonical","P0","S: exact query sampled","https://toolboximage.com/tools/image-dimension-checker/","Search-provider result; not a verified Google rank","UtilityPilot","MVP; consolidate variants","2026-09-25"
"K107","check image size in pixels","Interactive task completion","image","UP022","Image size and dimension checker","/tools/image/image-inspector/","check image size in pixels","Unavailable: exact query not sampled","Unavailable at query level; cluster competition High","Unavailable","Unavailable","Unavailable","Unavailable","Extension vs detected type; no comprehensive EXIF/GPS claim; pixel count differs from bytes","Pixel width/height, actual bytes, MIME observation, ratio and alpha report","Unavailable for exact query","Read file properties and decode dimensions; inspect pixels where needed","High if published separately; use shared canonical","P0","H: research-derived query hypothesis","https://toolboximage.com/tools/image-dimension-checker/","Cluster source only; not evidence of exact wording or demand","UtilityPilot","MVP; consolidate variants","2026-09-25"
"K108","find aspect ratio of image","Interactive task completion","image","UP022","Image size and dimension checker","/tools/image/image-inspector/","find aspect ratio of image","Unavailable: exact query not sampled","Unavailable at query level; cluster competition High","Unavailable","Unavailable","Unavailable","Unavailable","Extension vs detected type; no comprehensive EXIF/GPS claim; pixel count differs from bytes","Pixel width/height, actual bytes, MIME observation, ratio and alpha report","Unavailable for exact query","Read file properties and decode dimensions; inspect pixels where needed","High if published separately; use shared canonical","P0","H: research-derived query hypothesis","https://toolboximage.com/tools/image-dimension-checker/","Cluster source only; not evidence of exact wording or demand","UtilityPilot","MVP; consolidate variants","2026-09-25"
"K109","check png transparency","Interactive task completion","image","UP022","Image size and dimension checker","/tools/image/image-inspector/","check png transparency","Unavailable: exact query not sampled","Unavailable at query level; cluster competition High","Unavailable","Unavailable","Unavailable","Unavailable","Extension vs detected type; no comprehensive EXIF/GPS claim; pixel count differs from bytes","Pixel width/height, actual bytes, MIME observation, ratio and alpha report","Unavailable for exact query","Read file properties and decode dimensions; inspect pixels where needed","High if published separately; use shared canonical","P0","H: research-derived query hypothesis","https://toolboximage.com/tools/image-dimension-checker/","Cluster source only; not evidence of exact wording or demand","UtilityPilot","MVP; consolidate variants","2026-09-25"
"K110","check image file size in kb","Interactive task completion","image","UP022","Image size and dimension checker","/tools/image/image-inspector/","check image file size in kb","Unavailable: exact query not sampled","Unavailable at query level; cluster competition High","Unavailable","Unavailable","Unavailable","Unavailable","Extension vs detected type; no comprehensive EXIF/GPS claim; pixel count differs from bytes","Pixel width/height, actual bytes, MIME observation, ratio and alpha report","Unavailable for exact query","Read file properties and decode dimensions; inspect pixels where needed","High if published separately; use shared canonical","P0","H: research-derived query hypothesis","https://toolboximage.com/tools/image-dimension-checker/","Cluster source only; not evidence of exact wording or demand","UtilityPilot","MVP; consolidate variants","2026-09-25"
"K111","pick color from image online","Interactive task completion","image","UP023","Image color picker","/tools/image/image-color-picker/","Sample usable colors from artwork","Interactive tool results in search-provider sample","High qualitative; alternatives observed","Unavailable","Unavailable","Unavailable","Unavailable","ICC conversion/browser differences; transparent pixels; no brand-color certainty","HEX/RGB values and selected swatch","Relevant alternatives visible; behavior not tested","Sample decoded sRGB pixel or explicit average; show coordinates","High if published separately; use shared canonical","P1","S: exact query sampled","https://www.w3schools.com/tools/tool_image_color_picker.php","Search-provider result; not a verified Google rank","UtilityPilot","MVP; consolidate variants","2026-09-25"
"K112","get hex color from image","Interactive task completion","image","UP023","Image color picker","/tools/image/image-color-picker/","get hex color from image","Unavailable: exact query not sampled","Unavailable at query level; cluster competition High","Unavailable","Unavailable","Unavailable","Unavailable","ICC conversion/browser differences; transparent pixels; no brand-color certainty","HEX/RGB values and selected swatch","Unavailable for exact query","Sample decoded sRGB pixel or explicit average; show coordinates","High if published separately; use shared canonical","P1","H: research-derived query hypothesis","https://www.w3schools.com/tools/tool_image_color_picker.php","Cluster source only; not evidence of exact wording or demand","UtilityPilot","MVP; consolidate variants","2026-09-25"
"K113","sample rgb from photo","Interactive task completion","image","UP023","Image color picker","/tools/image/image-color-picker/","sample rgb from photo","Unavailable: exact query not sampled","Unavailable at query level; cluster competition High","Unavailable","Unavailable","Unavailable","Unavailable","ICC conversion/browser differences; transparent pixels; no brand-color certainty","HEX/RGB values and selected swatch","Unavailable for exact query","Sample decoded sRGB pixel or explicit average; show coordinates","High if published separately; use shared canonical","P1","H: research-derived query hypothesis","https://www.w3schools.com/tools/tool_image_color_picker.php","Cluster source only; not evidence of exact wording or demand","UtilityPilot","MVP; consolidate variants","2026-09-25"
"K114","image color picker exact pixel","Interactive task completion","image","UP023","Image color picker","/tools/image/image-color-picker/","image color picker exact pixel","Unavailable: exact query not sampled","Unavailable at query level; cluster competition High","Unavailable","Unavailable","Unavailable","Unavailable","ICC conversion/browser differences; transparent pixels; no brand-color certainty","HEX/RGB values and selected swatch","Unavailable for exact query","Sample decoded sRGB pixel or explicit average; show coordinates","High if published separately; use shared canonical","P1","H: research-derived query hypothesis","https://www.w3schools.com/tools/tool_image_color_picker.php","Cluster source only; not evidence of exact wording or demand","UtilityPilot","MVP; consolidate variants","2026-09-25"
"K115","average color of selected image area","Interactive task completion","image","UP023","Image color picker","/tools/image/image-color-picker/","average color of selected image area","Unavailable: exact query not sampled","Unavailable at query level; cluster competition High","Unavailable","Unavailable","Unavailable","Unavailable","ICC conversion/browser differences; transparent pixels; no brand-color certainty","HEX/RGB values and selected swatch","Unavailable for exact query","Sample decoded sRGB pixel or explicit average; show coordinates","High if published separately; use shared canonical","P1","H: research-derived query hypothesis","https://www.w3schools.com/tools/tool_image_color_picker.php","Cluster source only; not evidence of exact wording or demand","UtilityPilot","MVP; consolidate variants","2026-09-25"
"K116","slug generator online","Interactive task completion","web","UP024","URL slug generator","/tools/web/slug-generator/","Prepare readable page or file identifiers","Interactive tool results in search-provider sample","High qualitative; alternatives observed","Unavailable","Unavailable","Unavailable","Unavailable","Non-Latin text; emoji; empty result; avoid pretending slug changes improve ranking","Editable slug with transformation explanation","Relevant alternatives visible; behavior not tested","Normalize with explicit locale and mapping policy; no uniqueness promise","High if published separately; use shared canonical","P0","S: exact query sampled","https://filetinker.com/slug-generator","Search-provider result; not a verified Google rank","UtilityPilot","MVP; consolidate variants","2026-09-25"
"K117","convert title to url slug","Interactive task completion","web","UP024","URL slug generator","/tools/web/slug-generator/","convert title to url slug","Unavailable: exact query not sampled","Unavailable at query level; cluster competition High","Unavailable","Unavailable","Unavailable","Unavailable","Non-Latin text; emoji; empty result; avoid pretending slug changes improve ranking","Editable slug with transformation explanation","Unavailable for exact query","Normalize with explicit locale and mapping policy; no uniqueness promise","High if published separately; use shared canonical","P0","H: research-derived query hypothesis","https://filetinker.com/slug-generator","Cluster source only; not evidence of exact wording or demand","UtilityPilot","MVP; consolidate variants","2026-09-25"
"K118","unicode slug generator","Interactive task completion","web","UP024","URL slug generator","/tools/web/slug-generator/","unicode slug generator","Unavailable: exact query not sampled","Unavailable at query level; cluster competition High","Unavailable","Unavailable","Unavailable","Unavailable","Non-Latin text; emoji; empty result; avoid pretending slug changes improve ranking","Editable slug with transformation explanation","Unavailable for exact query","Normalize with explicit locale and mapping policy; no uniqueness promise","High if published separately; use shared canonical","P0","H: research-derived query hypothesis","https://filetinker.com/slug-generator","Cluster source only; not evidence of exact wording or demand","UtilityPilot","MVP; consolidate variants","2026-09-25"
"K119","remove accents from url slug","Interactive task completion","web","UP024","URL slug generator","/tools/web/slug-generator/","remove accents from url slug","Unavailable: exact query not sampled","Unavailable at query level; cluster competition High","Unavailable","Unavailable","Unavailable","Unavailable","Non-Latin text; emoji; empty result; avoid pretending slug changes improve ranking","Editable slug with transformation explanation","Unavailable for exact query","Normalize with explicit locale and mapping policy; no uniqueness promise","High if published separately; use shared canonical","P0","H: research-derived query hypothesis","https://filetinker.com/slug-generator","Cluster source only; not evidence of exact wording or demand","UtilityPilot","MVP; consolidate variants","2026-09-25"
"K120","generate lowercase hyphenated slug","Interactive task completion","web","UP024","URL slug generator","/tools/web/slug-generator/","generate lowercase hyphenated slug","Unavailable: exact query not sampled","Unavailable at query level; cluster competition High","Unavailable","Unavailable","Unavailable","Unavailable","Non-Latin text; emoji; empty result; avoid pretending slug changes improve ranking","Editable slug with transformation explanation","Unavailable for exact query","Normalize with explicit locale and mapping policy; no uniqueness promise","High if published separately; use shared canonical","P0","H: research-derived query hypothesis","https://filetinker.com/slug-generator","Cluster source only; not evidence of exact wording or demand","UtilityPilot","MVP; consolidate variants","2026-09-25"
"K121","url parser online","Interactive task completion","web","UP025","URL and query-string parser","/tools/web/url-parser/","Inspect components and repeated parameters","Interactive tool results in search-provider sample","High qualitative; alternatives observed","Unavailable","Unavailable","Unavailable","Unavailable","Plus-space form semantics; malformed percent escapes; credentials redacted by default","Components and ordered key-value pairs; JSON/text copy","Relevant alternatives visible; behavior not tested","Use standards-based parser; retain duplicate keys and raw input","High if published separately; use shared canonical","P0","S: exact query sampled","https://www.w3schools.com/tools/tool_url_parser.php","Search-provider result; not a verified Google rank","UtilityPilot","MVP; consolidate variants","2026-09-25"
"K122","query string parser","Interactive task completion","web","UP025","URL and query-string parser","/tools/web/url-parser/","query string parser","Unavailable: exact query not sampled","Unavailable at query level; cluster competition High","Unavailable","Unavailable","Unavailable","Unavailable","Plus-space form semantics; malformed percent escapes; credentials redacted by default","Components and ordered key-value pairs; JSON/text copy","Unavailable for exact query","Use standards-based parser; retain duplicate keys and raw input","High if published separately; use shared canonical","P0","H: research-derived query hypothesis","https://www.w3schools.com/tools/tool_url_parser.php","Cluster source only; not evidence of exact wording or demand","UtilityPilot","MVP; consolidate variants","2026-09-25"
"K123","extract domain from url","Interactive task completion","web","UP025","URL and query-string parser","/tools/web/url-parser/","extract domain from url","Unavailable: exact query not sampled","Unavailable at query level; cluster competition High","Unavailable","Unavailable","Unavailable","Unavailable","Plus-space form semantics; malformed percent escapes; credentials redacted by default","Components and ordered key-value pairs; JSON/text copy","Unavailable for exact query","Use standards-based parser; retain duplicate keys and raw input","High if published separately; use shared canonical","P0","H: research-derived query hypothesis","https://www.w3schools.com/tools/tool_url_parser.php","Cluster source only; not evidence of exact wording or demand","UtilityPilot","MVP; consolidate variants","2026-09-25"
"K124","parse repeated url parameters","Interactive task completion","web","UP025","URL and query-string parser","/tools/web/url-parser/","parse repeated url parameters","Unavailable: exact query not sampled","Unavailable at query level; cluster competition High","Unavailable","Unavailable","Unavailable","Unavailable","Plus-space form semantics; malformed percent escapes; credentials redacted by default","Components and ordered key-value pairs; JSON/text copy","Unavailable for exact query","Use standards-based parser; retain duplicate keys and raw input","High if published separately; use shared canonical","P0","H: research-derived query hypothesis","https://www.w3schools.com/tools/tool_url_parser.php","Cluster source only; not evidence of exact wording or demand","UtilityPilot","MVP; consolidate variants","2026-09-25"
"K125","decode query string plus signs","Interactive task completion","web","UP025","URL and query-string parser","/tools/web/url-parser/","decode query string plus signs","Unavailable: exact query not sampled","Unavailable at query level; cluster competition High","Unavailable","Unavailable","Unavailable","Unavailable","Plus-space form semantics; malformed percent escapes; credentials redacted by default","Components and ordered key-value pairs; JSON/text copy","Unavailable for exact query","Use standards-based parser; retain duplicate keys and raw input","High if published separately; use shared canonical","P0","H: research-derived query hypothesis","https://www.w3schools.com/tools/tool_url_parser.php","Cluster source only; not evidence of exact wording or demand","UtilityPilot","MVP; consolidate variants","2026-09-25"
"K126","url encode online","Interactive task completion","web","UP026","URL encoder and decoder","/tools/web/url-encoder-decoder/","Encode a component or read escaped data","Interactive tool results in search-provider sample","High qualitative; alternatives observed","Unavailable","Unavailable","Unavailable","Unavailable","Literal plus; percent25 double encoding; invalid bytes; not link validation","Escaped or decoded text with errors","Relevant alternatives visible; behavior not tested","UTF-8 percent encoding; explicit mode; one decoding pass","High if published separately; use shared canonical","P1","S: exact query sampled","https://webtoolio.org/url/","Search-provider result; not a verified Google rank","UtilityPilot","MVP; consolidate variants","2026-09-25"
"K127","url decode online","Interactive task completion","web","UP026","URL encoder and decoder","/tools/web/url-encoder-decoder/","url decode online","Unavailable: exact query not sampled","Unavailable at query level; cluster competition High","Unavailable","Unavailable","Unavailable","Unavailable","Literal plus; percent25 double encoding; invalid bytes; not link validation","Escaped or decoded text with errors","Unavailable for exact query","UTF-8 percent encoding; explicit mode; one decoding pass","High if published separately; use shared canonical","P1","H: research-derived query hypothesis","https://webtoolio.org/url/","Cluster source only; not evidence of exact wording or demand","UtilityPilot","MVP; consolidate variants","2026-09-25"
"K128","encode query parameter value","Interactive task completion","web","UP026","URL encoder and decoder","/tools/web/url-encoder-decoder/","encode query parameter value","Unavailable: exact query not sampled","Unavailable at query level; cluster competition High","Unavailable","Unavailable","Unavailable","Unavailable","Literal plus; percent25 double encoding; invalid bytes; not link validation","Escaped or decoded text with errors","Unavailable for exact query","UTF-8 percent encoding; explicit mode; one decoding pass","High if published separately; use shared canonical","P1","H: research-derived query hypothesis","https://webtoolio.org/url/","Cluster source only; not evidence of exact wording or demand","UtilityPilot","MVP; consolidate variants","2026-09-25"
"K129","decode percent encoded utf8","Interactive task completion","web","UP026","URL encoder and decoder","/tools/web/url-encoder-decoder/","decode percent encoded utf8","Unavailable: exact query not sampled","Unavailable at query level; cluster competition High","Unavailable","Unavailable","Unavailable","Unavailable","Literal plus; percent25 double encoding; invalid bytes; not link validation","Escaped or decoded text with errors","Unavailable for exact query","UTF-8 percent encoding; explicit mode; one decoding pass","High if published separately; use shared canonical","P1","H: research-derived query hypothesis","https://webtoolio.org/url/","Cluster source only; not evidence of exact wording or demand","UtilityPilot","MVP; consolidate variants","2026-09-25"
"K130","url decode plus versus space","Interactive task completion","web","UP026","URL encoder and decoder","/tools/web/url-encoder-decoder/","url decode plus versus space","Unavailable: exact query not sampled","Unavailable at query level; cluster competition High","Unavailable","Unavailable","Unavailable","Unavailable","Literal plus; percent25 double encoding; invalid bytes; not link validation","Escaped or decoded text with errors","Unavailable for exact query","UTF-8 percent encoding; explicit mode; one decoding pass","High if published separately; use shared canonical","P1","H: research-derived query hypothesis","https://webtoolio.org/url/","Cluster source only; not evidence of exact wording or demand","UtilityPilot","MVP; consolidate variants","2026-09-25"
"K131","utm builder online","Interactive task completion","web","UP027","UTM campaign URL builder","/tools/web/utm-builder/","Create consistently tagged campaign links","Interactive tool results in search-provider sample","High qualitative; alternatives observed","Unavailable","Unavailable","Unavailable","Unavailable","Existing UTM replacement; fragment; case conventions; no analytics guarantee","Built link, parameter table and warnings","Relevant alternatives visible; behavior not tested","Set UTM fields through URL API; preserve unrelated params; preview changes","High if published separately; use shared canonical","P1","S: exact query sampled","https://utmbuilder.net/","Search-provider result; not a verified Google rank","UtilityPilot","MVP; consolidate variants","2026-09-25"
"K132","campaign url builder","Interactive task completion","web","UP027","UTM campaign URL builder","/tools/web/utm-builder/","campaign url builder","Unavailable: exact query not sampled","Unavailable at query level; cluster competition High","Unavailable","Unavailable","Unavailable","Unavailable","Existing UTM replacement; fragment; case conventions; no analytics guarantee","Built link, parameter table and warnings","Unavailable for exact query","Set UTM fields through URL API; preserve unrelated params; preview changes","High if published separately; use shared canonical","P1","H: research-derived query hypothesis","https://utmbuilder.net/","Cluster source only; not evidence of exact wording or demand","UtilityPilot","MVP; consolidate variants","2026-09-25"
"K133","add utm parameters to existing url","Interactive task completion","web","UP027","UTM campaign URL builder","/tools/web/utm-builder/","add utm parameters to existing url","Unavailable: exact query not sampled","Unavailable at query level; cluster competition High","Unavailable","Unavailable","Unavailable","Unavailable","Existing UTM replacement; fragment; case conventions; no analytics guarantee","Built link, parameter table and warnings","Unavailable for exact query","Set UTM fields through URL API; preserve unrelated params; preview changes","High if published separately; use shared canonical","P1","H: research-derived query hypothesis","https://utmbuilder.net/","Cluster source only; not evidence of exact wording or demand","UtilityPilot","MVP; consolidate variants","2026-09-25"
"K134","utm link generator with fragment","Interactive task completion","web","UP027","UTM campaign URL builder","/tools/web/utm-builder/","utm link generator with fragment","Unavailable: exact query not sampled","Unavailable at query level; cluster competition High","Unavailable","Unavailable","Unavailable","Unavailable","Existing UTM replacement; fragment; case conventions; no analytics guarantee","Built link, parameter table and warnings","Unavailable for exact query","Set UTM fields through URL API; preserve unrelated params; preview changes","High if published separately; use shared canonical","P1","H: research-derived query hypothesis","https://utmbuilder.net/","Cluster source only; not evidence of exact wording or demand","UtilityPilot","MVP; consolidate variants","2026-09-25"
"K135","build campaign link with spaces","Interactive task completion","web","UP027","UTM campaign URL builder","/tools/web/utm-builder/","build campaign link with spaces","Unavailable: exact query not sampled","Unavailable at query level; cluster competition High","Unavailable","Unavailable","Unavailable","Unavailable","Existing UTM replacement; fragment; case conventions; no analytics guarantee","Built link, parameter table and warnings","Unavailable for exact query","Set UTM fields through URL API; preserve unrelated params; preview changes","High if published separately; use shared canonical","P1","H: research-derived query hypothesis","https://utmbuilder.net/","Cluster source only; not evidence of exact wording or demand","UtilityPilot","MVP; consolidate variants","2026-09-25"
"K136","remove tracking parameters from url","Interactive task completion","web","UP028","URL tracking parameter cleaner","/tools/web/url-cleaner/","Remove selected tracking fields before sharing","Interactive tool results in search-provider sample","High qualitative; alternatives observed","Unavailable","Unavailable","Unavailable","Unavailable","Signed URLs may break; unknown parameters retained; no malware/privacy certification","Proposed cleaned link and removed-parameter list","Relevant alternatives visible; behavior not tested","Conservative versioned parameter list; preview Apply; no remote fetch","High if published separately; use shared canonical","P1","S: exact query sampled","https://hivly.net/tools/clean-url-tracking/","Search-provider result; not a verified Google rank","UtilityPilot","MVP; consolidate variants","2026-09-25"
"K137","remove utm parameters from link","Interactive task completion","web","UP028","URL tracking parameter cleaner","/tools/web/url-cleaner/","remove utm parameters from link","Unavailable: exact query not sampled","Unavailable at query level; cluster competition High","Unavailable","Unavailable","Unavailable","Unavailable","Signed URLs may break; unknown parameters retained; no malware/privacy certification","Proposed cleaned link and removed-parameter list","Unavailable for exact query","Conservative versioned parameter list; preview Apply; no remote fetch","High if published separately; use shared canonical","P1","H: research-derived query hypothesis","https://hivly.net/tools/clean-url-tracking/","Cluster source only; not evidence of exact wording or demand","UtilityPilot","MVP; consolidate variants","2026-09-25"
"K138","remove fbclid from url","Interactive task completion","web","UP028","URL tracking parameter cleaner","/tools/web/url-cleaner/","remove fbclid from url","Unavailable: exact query not sampled","Unavailable at query level; cluster competition High","Unavailable","Unavailable","Unavailable","Unavailable","Signed URLs may break; unknown parameters retained; no malware/privacy certification","Proposed cleaned link and removed-parameter list","Unavailable for exact query","Conservative versioned parameter list; preview Apply; no remote fetch","High if published separately; use shared canonical","P1","H: research-derived query hypothesis","https://hivly.net/tools/clean-url-tracking/","Cluster source only; not evidence of exact wording or demand","UtilityPilot","MVP; consolidate variants","2026-09-25"
"K139","clean url keep important parameters","Interactive task completion","web","UP028","URL tracking parameter cleaner","/tools/web/url-cleaner/","clean url keep important parameters","Unavailable: exact query not sampled","Unavailable at query level; cluster competition High","Unavailable","Unavailable","Unavailable","Unavailable","Signed URLs may break; unknown parameters retained; no malware/privacy certification","Proposed cleaned link and removed-parameter list","Unavailable for exact query","Conservative versioned parameter list; preview Apply; no remote fetch","High if published separately; use shared canonical","P1","H: research-derived query hypothesis","https://hivly.net/tools/clean-url-tracking/","Cluster source only; not evidence of exact wording or demand","UtilityPilot","MVP; consolidate variants","2026-09-25"
"K140","remove gclid from link","Interactive task completion","web","UP028","URL tracking parameter cleaner","/tools/web/url-cleaner/","remove gclid from link","Unavailable: exact query not sampled","Unavailable at query level; cluster competition High","Unavailable","Unavailable","Unavailable","Unavailable","Signed URLs may break; unknown parameters retained; no malware/privacy certification","Proposed cleaned link and removed-parameter list","Unavailable for exact query","Conservative versioned parameter list; preview Apply; no remote fetch","High if published separately; use shared canonical","P1","H: research-derived query hypothesis","https://hivly.net/tools/clean-url-tracking/","Cluster source only; not evidence of exact wording or demand","UtilityPilot","MVP; consolidate variants","2026-09-25"
"K141","hex to rgb converter","Interactive task completion","web","UP029","HEX RGB HSL converter","/tools/web/color-converter/","Translate a design color into another notation","Interactive tool results in search-provider sample","High qualitative; alternatives observed","Unavailable","Unavailable","Unavailable","Unavailable","Short hex; alpha; hue wrap; out-of-range input; no CMYK accuracy claim","Equivalent values and swatch","Relevant alternatives visible; behavior not tested","sRGB conversion with stated rounding; reject unsupported spaces","High if published separately; use shared canonical","P1","S: exact query sampled","https://colortion.com/hex-to-rgb","Search-provider result; not a verified Google rank","UtilityPilot","MVP; consolidate variants","2026-09-25"
"K142","rgb to hex converter","Interactive task completion","web","UP029","HEX RGB HSL converter","/tools/web/color-converter/","rgb to hex converter","Unavailable: exact query not sampled","Unavailable at query level; cluster competition High","Unavailable","Unavailable","Unavailable","Unavailable","Short hex; alpha; hue wrap; out-of-range input; no CMYK accuracy claim","Equivalent values and swatch","Unavailable for exact query","sRGB conversion with stated rounding; reject unsupported spaces","High if published separately; use shared canonical","P1","H: research-derived query hypothesis","https://colortion.com/hex-to-rgb","Cluster source only; not evidence of exact wording or demand","UtilityPilot","MVP; consolidate variants","2026-09-25"
"K143","hex to hsl converter","Interactive task completion","web","UP029","HEX RGB HSL converter","/tools/web/color-converter/","hex to hsl converter","Unavailable: exact query not sampled","Unavailable at query level; cluster competition High","Unavailable","Unavailable","Unavailable","Unavailable","Short hex; alpha; hue wrap; out-of-range input; no CMYK accuracy claim","Equivalent values and swatch","Unavailable for exact query","sRGB conversion with stated rounding; reject unsupported spaces","High if published separately; use shared canonical","P1","H: research-derived query hypothesis","https://colortion.com/hex-to-rgb","Cluster source only; not evidence of exact wording or demand","UtilityPilot","MVP; consolidate variants","2026-09-25"
"K144","hsl to rgb online","Interactive task completion","web","UP029","HEX RGB HSL converter","/tools/web/color-converter/","hsl to rgb online","Unavailable: exact query not sampled","Unavailable at query level; cluster competition High","Unavailable","Unavailable","Unavailable","Unavailable","Short hex; alpha; hue wrap; out-of-range input; no CMYK accuracy claim","Equivalent values and swatch","Unavailable for exact query","sRGB conversion with stated rounding; reject unsupported spaces","High if published separately; use shared canonical","P1","H: research-derived query hypothesis","https://colortion.com/hex-to-rgb","Cluster source only; not evidence of exact wording or demand","UtilityPilot","MVP; consolidate variants","2026-09-25"
"K145","convert hex color with alpha","Interactive task completion","web","UP029","HEX RGB HSL converter","/tools/web/color-converter/","convert hex color with alpha","Unavailable: exact query not sampled","Unavailable at query level; cluster competition High","Unavailable","Unavailable","Unavailable","Unavailable","Short hex; alpha; hue wrap; out-of-range input; no CMYK accuracy claim","Equivalent values and swatch","Unavailable for exact query","sRGB conversion with stated rounding; reject unsupported spaces","High if published separately; use shared canonical","P1","H: research-derived query hypothesis","https://colortion.com/hex-to-rgb","Cluster source only; not evidence of exact wording or demand","UtilityPilot","MVP; consolidate variants","2026-09-25"
"K146","color contrast checker","Interactive task completion","web","UP030","Color contrast checker","/tools/web/contrast-checker/","Check a foreground/background text pair","Interactive tool results in search-provider sample","High qualitative; alternatives observed","Unavailable","Unavailable","Unavailable","Unavailable","Transparent backgrounds unsupported initially; ratio alone is not accessibility certification","Ratio plus WCAG text thresholds and explanation","Relevant alternatives visible; behavior not tested","Relative luminance then (Llighter+0.05)/(Ldarker+0.05)","High if published separately; use shared canonical","P0","S: exact query sampled","https://screentext.net/color-contrast-checker/","Search-provider result; not a verified Google rank","UtilityPilot","MVP; consolidate variants","2026-09-25"
"K147","check text background contrast","Interactive task completion","web","UP030","Color contrast checker","/tools/web/contrast-checker/","check text background contrast","Unavailable: exact query not sampled","Unavailable at query level; cluster competition High","Unavailable","Unavailable","Unavailable","Unavailable","Transparent backgrounds unsupported initially; ratio alone is not accessibility certification","Ratio plus WCAG text thresholds and explanation","Unavailable for exact query","Relative luminance then (Llighter+0.05)/(Ldarker+0.05)","High if published separately; use shared canonical","P0","H: research-derived query hypothesis","https://screentext.net/color-contrast-checker/","Cluster source only; not evidence of exact wording or demand","UtilityPilot","MVP; consolidate variants","2026-09-25"
"K148","wcag aa contrast ratio","Interactive task completion","web","UP030","Color contrast checker","/tools/web/contrast-checker/","wcag aa contrast ratio","Unavailable: exact query not sampled","Unavailable at query level; cluster competition High","Unavailable","Unavailable","Unavailable","Unavailable","Transparent backgrounds unsupported initially; ratio alone is not accessibility certification","Ratio plus WCAG text thresholds and explanation","Unavailable for exact query","Relative luminance then (Llighter+0.05)/(Ldarker+0.05)","High if published separately; use shared canonical","P0","H: research-derived query hypothesis","https://screentext.net/color-contrast-checker/","Cluster source only; not evidence of exact wording or demand","UtilityPilot","MVP; consolidate variants","2026-09-25"
"K149","contrast checker large text","Interactive task completion","web","UP030","Color contrast checker","/tools/web/contrast-checker/","contrast checker large text","Unavailable: exact query not sampled","Unavailable at query level; cluster competition High","Unavailable","Unavailable","Unavailable","Unavailable","Transparent backgrounds unsupported initially; ratio alone is not accessibility certification","Ratio plus WCAG text thresholds and explanation","Unavailable for exact query","Relative luminance then (Llighter+0.05)/(Ldarker+0.05)","High if published separately; use shared canonical","P0","H: research-derived query hypothesis","https://screentext.net/color-contrast-checker/","Cluster source only; not evidence of exact wording or demand","UtilityPilot","MVP; consolidate variants","2026-09-25"
"K150","hex color accessibility contrast","Interactive task completion","web","UP030","Color contrast checker","/tools/web/contrast-checker/","hex color accessibility contrast","Unavailable: exact query not sampled","Unavailable at query level; cluster competition High","Unavailable","Unavailable","Unavailable","Unavailable","Transparent backgrounds unsupported initially; ratio alone is not accessibility certification","Ratio plus WCAG text thresholds and explanation","Unavailable for exact query","Relative luminance then (Llighter+0.05)/(Ldarker+0.05)","High if published separately; use shared canonical","P0","H: research-derived query hypothesis","https://screentext.net/color-contrast-checker/","Cluster source only; not evidence of exact wording or demand","UtilityPilot","MVP; consolidate variants","2026-09-25"
"K151","base64 encode utf8","Interactive task completion","web","UP031","Base64 encoder and decoder","/tools/web/base64/","Convert text to or from Base64 representation","Interactive tool results in search-provider sample","High qualitative; alternatives observed","Unavailable","Unavailable","Unavailable","Unavailable","Invalid UTF-8 not silently replaced; Base64 is not encryption; secret text risk","Encoded text or decoded text/bytes download","Relevant alternatives visible; behavior not tested","Encode bytes with standard or URL-safe alphabet; strict padding validation","High if published separately; use shared canonical","P1","S: exact query sampled","https://www.tabutils.com/tools/base64","Search-provider result; not a verified Google rank","UtilityPilot","MVP; consolidate variants","2026-09-25"
"K152","base64 decode online","Interactive task completion","web","UP031","Base64 encoder and decoder","/tools/web/base64/","base64 decode online","Unavailable: exact query not sampled","Unavailable at query level; cluster competition High","Unavailable","Unavailable","Unavailable","Unavailable","Invalid UTF-8 not silently replaced; Base64 is not encryption; secret text risk","Encoded text or decoded text/bytes download","Unavailable for exact query","Encode bytes with standard or URL-safe alphabet; strict padding validation","High if published separately; use shared canonical","P1","H: research-derived query hypothesis","https://www.tabutils.com/tools/base64","Cluster source only; not evidence of exact wording or demand","UtilityPilot","MVP; consolidate variants","2026-09-25"
"K153","base64url decoder","Interactive task completion","web","UP031","Base64 encoder and decoder","/tools/web/base64/","base64url decoder","Unavailable: exact query not sampled","Unavailable at query level; cluster competition High","Unavailable","Unavailable","Unavailable","Unavailable","Invalid UTF-8 not silently replaced; Base64 is not encryption; secret text risk","Encoded text or decoded text/bytes download","Unavailable for exact query","Encode bytes with standard or URL-safe alphabet; strict padding validation","High if published separately; use shared canonical","P1","H: research-derived query hypothesis","https://www.tabutils.com/tools/base64","Cluster source only; not evidence of exact wording or demand","UtilityPilot","MVP; consolidate variants","2026-09-25"
"K154","decode base64 with emoji","Interactive task completion","web","UP031","Base64 encoder and decoder","/tools/web/base64/","decode base64 with emoji","Unavailable: exact query not sampled","Unavailable at query level; cluster competition High","Unavailable","Unavailable","Unavailable","Unavailable","Invalid UTF-8 not silently replaced; Base64 is not encryption; secret text risk","Encoded text or decoded text/bytes download","Unavailable for exact query","Encode bytes with standard or URL-safe alphabet; strict padding validation","High if published separately; use shared canonical","P1","H: research-derived query hypothesis","https://www.tabutils.com/tools/base64","Cluster source only; not evidence of exact wording or demand","UtilityPilot","MVP; consolidate variants","2026-09-25"
"K155","base64 invalid utf8 bytes","Interactive task completion","web","UP031","Base64 encoder and decoder","/tools/web/base64/","base64 invalid utf8 bytes","Unavailable: exact query not sampled","Unavailable at query level; cluster competition High","Unavailable","Unavailable","Unavailable","Unavailable","Invalid UTF-8 not silently replaced; Base64 is not encryption; secret text risk","Encoded text or decoded text/bytes download","Unavailable for exact query","Encode bytes with standard or URL-safe alphabet; strict padding validation","High if published separately; use shared canonical","P1","H: research-derived query hypothesis","https://www.tabutils.com/tools/base64","Cluster source only; not evidence of exact wording or demand","UtilityPilot","MVP; consolidate variants","2026-09-25"
"K156","html entity decoder","Interactive task completion","web","UP032","HTML entity encoder and decoder","/tools/web/html-entities/","Escape markup as text or read encoded characters","Interactive tool results in search-provider sample","High qualitative; alternatives observed","Unavailable","Unavailable","Unavailable","Unavailable","Double encoding; malformed entities; no claim to sanitize executable HTML","Escaped or decoded plain text","Relevant alternatives visible; behavior not tested","Audited entity table/parser; no live markup insertion","High if published separately; use shared canonical","P1","S: exact query sampled","https://www.w3schools.com/tools/tool_html_entities.php","Search-provider result; not a verified Google rank","UtilityPilot","MVP; consolidate variants","2026-09-25"
"K157","html entity encoder","Interactive task completion","web","UP032","HTML entity encoder and decoder","/tools/web/html-entities/","html entity encoder","Unavailable: exact query not sampled","Unavailable at query level; cluster competition High","Unavailable","Unavailable","Unavailable","Unavailable","Double encoding; malformed entities; no claim to sanitize executable HTML","Escaped or decoded plain text","Unavailable for exact query","Audited entity table/parser; no live markup insertion","High if published separately; use shared canonical","P1","H: research-derived query hypothesis","https://www.w3schools.com/tools/tool_html_entities.php","Cluster source only; not evidence of exact wording or demand","UtilityPilot","MVP; consolidate variants","2026-09-25"
"K158","decode numeric html entities","Interactive task completion","web","UP032","HTML entity encoder and decoder","/tools/web/html-entities/","decode numeric html entities","Unavailable: exact query not sampled","Unavailable at query level; cluster competition High","Unavailable","Unavailable","Unavailable","Unavailable","Double encoding; malformed entities; no claim to sanitize executable HTML","Escaped or decoded plain text","Unavailable for exact query","Audited entity table/parser; no live markup insertion","High if published separately; use shared canonical","P1","H: research-derived query hypothesis","https://www.w3schools.com/tools/tool_html_entities.php","Cluster source only; not evidence of exact wording or demand","UtilityPilot","MVP; consolidate variants","2026-09-25"
"K159","escape html special characters","Interactive task completion","web","UP032","HTML entity encoder and decoder","/tools/web/html-entities/","escape html special characters","Unavailable: exact query not sampled","Unavailable at query level; cluster competition High","Unavailable","Unavailable","Unavailable","Unavailable","Double encoding; malformed entities; no claim to sanitize executable HTML","Escaped or decoded plain text","Unavailable for exact query","Audited entity table/parser; no live markup insertion","High if published separately; use shared canonical","P1","H: research-derived query hypothesis","https://www.w3schools.com/tools/tool_html_entities.php","Cluster source only; not evidence of exact wording or demand","UtilityPilot","MVP; consolidate variants","2026-09-25"
"K160","decode ampersand lt gt text","Interactive task completion","web","UP032","HTML entity encoder and decoder","/tools/web/html-entities/","decode ampersand lt gt text","Unavailable: exact query not sampled","Unavailable at query level; cluster competition High","Unavailable","Unavailable","Unavailable","Unavailable","Double encoding; malformed entities; no claim to sanitize executable HTML","Escaped or decoded plain text","Unavailable for exact query","Audited entity table/parser; no live markup insertion","High if published separately; use shared canonical","P1","H: research-derived query hypothesis","https://www.w3schools.com/tools/tool_html_entities.php","Cluster source only; not evidence of exact wording or demand","UtilityPilot","MVP; consolidate variants","2026-09-25"
"K161","decode jwt token","Interactive task completion","developer","","JWT decoder","/tools/developer/jwt-decoder/ (reserved; not approved)","decode jwt token","Unavailable for exact query","Unavailable at query level","Unavailable","Unavailable","Unavailable","Unavailable","Deferred: token sensitivity; decoding is not signature verification","JWT decoder","Category reference reviewed; operation not tested","Needs further validation before selection","Review before expansion","P2 review","H: research-derived query hypothesis","https://gchq.github.io/CyberChef/","Category/technical source only; not exact-query demand evidence","UtilityPilot candidate","Deferred: token sensitivity; decoding is not signature verification","2026-09-25"
"K162","inspect jwt header","Interactive task completion","developer","","JWT decoder","/tools/developer/jwt-decoder/ (reserved; not approved)","inspect jwt header","Unavailable for exact query","Unavailable at query level","Unavailable","Unavailable","Unavailable","Unavailable","Deferred: token sensitivity; decoding is not signature verification","JWT decoder","Category reference reviewed; operation not tested","Needs further validation before selection","Review before expansion","P2 review","H: research-derived query hypothesis","https://gchq.github.io/CyberChef/","Category/technical source only; not exact-query demand evidence","UtilityPilot candidate","Deferred: token sensitivity; decoding is not signature verification","2026-09-25"
"K163","jwt payload decoder","Interactive task completion","developer","","JWT decoder","/tools/developer/jwt-decoder/ (reserved; not approved)","jwt payload decoder","Unavailable for exact query","Unavailable at query level","Unavailable","Unavailable","Unavailable","Unavailable","Deferred: token sensitivity; decoding is not signature verification","JWT decoder","Category reference reviewed; operation not tested","Needs further validation before selection","Review before expansion","P2 review","H: research-derived query hypothesis","https://gchq.github.io/CyberChef/","Category/technical source only; not exact-query demand evidence","UtilityPilot candidate","Deferred: token sensitivity; decoding is not signature verification","2026-09-25"
"K164","jwt expiration claim","Interactive task completion","developer","","JWT decoder","/tools/developer/jwt-decoder/ (reserved; not approved)","jwt expiration claim","Unavailable for exact query","Unavailable at query level","Unavailable","Unavailable","Unavailable","Unavailable","Deferred: token sensitivity; decoding is not signature verification","JWT decoder","Category reference reviewed; operation not tested","Needs further validation before selection","Review before expansion","P2 review","H: research-derived query hypothesis","https://gchq.github.io/CyberChef/","Category/technical source only; not exact-query demand evidence","UtilityPilot candidate","Deferred: token sensitivity; decoding is not signature verification","2026-09-25"
"K165","decode jwt without secret","Interactive task completion","developer","","JWT decoder","/tools/developer/jwt-decoder/ (reserved; not approved)","decode jwt without secret","Unavailable for exact query","Unavailable at query level","Unavailable","Unavailable","Unavailable","Unavailable","Deferred: token sensitivity; decoding is not signature verification","JWT decoder","Category reference reviewed; operation not tested","Needs further validation before selection","Review before expansion","P2 review","H: research-derived query hypothesis","https://gchq.github.io/CyberChef/","Category/technical source only; not exact-query demand evidence","UtilityPilot candidate","Deferred: token sensitivity; decoding is not signature verification","2026-09-25"
"K166","regex tester online","Interactive task completion","developer","","Regex tester","/tools/developer/regex-tester/ (reserved; not approved)","regex tester online","Unavailable for exact query","Unavailable at query level","Unavailable","Unavailable","Unavailable","Unavailable","Deferred: worker cancellation and engine semantics need specialist testing","Regex tester","Category reference reviewed; operation not tested","Needs further validation before selection","Review before expansion","P2 review","H: research-derived query hypothesis","https://www.regextester.com/","Category/technical source only; not exact-query demand evidence","UtilityPilot candidate","Deferred: worker cancellation and engine semantics need specialist testing","2026-09-25"
"K167","test javascript regular expression","Interactive task completion","developer","","Regex tester","/tools/developer/regex-tester/ (reserved; not approved)","test javascript regular expression","Unavailable for exact query","Unavailable at query level","Unavailable","Unavailable","Unavailable","Unavailable","Deferred: worker cancellation and engine semantics need specialist testing","Regex tester","Category reference reviewed; operation not tested","Needs further validation before selection","Review before expansion","P2 review","H: research-derived query hypothesis","https://www.regextester.com/","Category/technical source only; not exact-query demand evidence","UtilityPilot candidate","Deferred: worker cancellation and engine semantics need specialist testing","2026-09-25"
"K168","regex capture group tester","Interactive task completion","developer","","Regex tester","/tools/developer/regex-tester/ (reserved; not approved)","regex capture group tester","Unavailable for exact query","Unavailable at query level","Unavailable","Unavailable","Unavailable","Unavailable","Deferred: worker cancellation and engine semantics need specialist testing","Regex tester","Category reference reviewed; operation not tested","Needs further validation before selection","Review before expansion","P2 review","H: research-derived query hypothesis","https://www.regextester.com/","Category/technical source only; not exact-query demand evidence","UtilityPilot candidate","Deferred: worker cancellation and engine semantics need specialist testing","2026-09-25"
"K169","regex replacement tester","Interactive task completion","developer","","Regex tester","/tools/developer/regex-tester/ (reserved; not approved)","regex replacement tester","Unavailable for exact query","Unavailable at query level","Unavailable","Unavailable","Unavailable","Unavailable","Deferred: worker cancellation and engine semantics need specialist testing","Regex tester","Category reference reviewed; operation not tested","Needs further validation before selection","Review before expansion","P2 review","H: research-derived query hypothesis","https://www.regextester.com/","Category/technical source only; not exact-query demand evidence","UtilityPilot candidate","Deferred: worker cancellation and engine semantics need specialist testing","2026-09-25"
"K170","regex catastrophic backtracking test","Interactive task completion","developer","","Regex tester","/tools/developer/regex-tester/ (reserved; not approved)","regex catastrophic backtracking test","Unavailable for exact query","Unavailable at query level","Unavailable","Unavailable","Unavailable","Unavailable","Deferred: worker cancellation and engine semantics need specialist testing","Regex tester","Category reference reviewed; operation not tested","Needs further validation before selection","Review before expansion","P2 review","H: research-derived query hypothesis","https://www.regextester.com/","Category/technical source only; not exact-query demand evidence","UtilityPilot candidate","Deferred: worker cancellation and engine semantics need specialist testing","2026-09-25"
"K171","sql formatter online","Interactive task completion","developer","","Code formatters","/tools/developer/code-formatter/ (reserved; not approved)","sql formatter online","Unavailable for exact query","Unavailable at query level","Unavailable","Unavailable","Unavailable","Unavailable","Deferred: separate languages only after maintained parsers and audience evidence","Code formatters","Category reference reviewed; operation not tested","Needs further validation before selection","Review before expansion","P2 review","H: research-derived query hypothesis","https://www.browserling.com/tools","Category/technical source only; not exact-query demand evidence","UtilityPilot candidate","Deferred: separate languages only after maintained parsers and audience evidence","2026-09-25"
"K172","xml formatter online","Interactive task completion","developer","","Code formatters","/tools/developer/code-formatter/ (reserved; not approved)","xml formatter online","Unavailable for exact query","Unavailable at query level","Unavailable","Unavailable","Unavailable","Unavailable","Deferred: separate languages only after maintained parsers and audience evidence","Code formatters","Category reference reviewed; operation not tested","Needs further validation before selection","Review before expansion","P2 review","H: research-derived query hypothesis","https://www.browserling.com/tools","Category/technical source only; not exact-query demand evidence","UtilityPilot candidate","Deferred: separate languages only after maintained parsers and audience evidence","2026-09-25"
"K173","yaml formatter online","Interactive task completion","developer","","Code formatters","/tools/developer/code-formatter/ (reserved; not approved)","yaml formatter online","Unavailable for exact query","Unavailable at query level","Unavailable","Unavailable","Unavailable","Unavailable","Deferred: separate languages only after maintained parsers and audience evidence","Code formatters","Category reference reviewed; operation not tested","Needs further validation before selection","Review before expansion","P2 review","H: research-derived query hypothesis","https://www.browserling.com/tools","Category/technical source only; not exact-query demand evidence","UtilityPilot candidate","Deferred: separate languages only after maintained parsers and audience evidence","2026-09-25"
"K174","css beautifier online","Interactive task completion","developer","","Code formatters","/tools/developer/code-formatter/ (reserved; not approved)","css beautifier online","Unavailable for exact query","Unavailable at query level","Unavailable","Unavailable","Unavailable","Unavailable","Deferred: separate languages only after maintained parsers and audience evidence","Code formatters","Category reference reviewed; operation not tested","Needs further validation before selection","Review before expansion","P2 review","H: research-derived query hypothesis","https://www.browserling.com/tools","Category/technical source only; not exact-query demand evidence","UtilityPilot candidate","Deferred: separate languages only after maintained parsers and audience evidence","2026-09-25"
"K175","javascript formatter online","Interactive task completion","developer","","Code formatters","/tools/developer/code-formatter/ (reserved; not approved)","javascript formatter online","Unavailable for exact query","Unavailable at query level","Unavailable","Unavailable","Unavailable","Unavailable","Deferred: separate languages only after maintained parsers and audience evidence","Code formatters","Category reference reviewed; operation not tested","Needs further validation before selection","Review before expansion","P2 review","H: research-derived query hypothesis","https://www.browserling.com/tools","Category/technical source only; not exact-query demand evidence","UtilityPilot candidate","Deferred: separate languages only after maintained parsers and audience evidence","2026-09-25"
"K176","uuid generator online","Interactive task completion","developer","","UUID generator","/tools/developer/uuid-generator/ (reserved; not approved)","uuid generator online","Unavailable for exact query","Unavailable at query level","Unavailable","Unavailable","Unavailable","Unavailable","Deferred: genuine function but weak connection to launch workflows","UUID generator","Category reference reviewed; operation not tested","Needs further validation before selection","Review before expansion","P2 review","H: research-derived query hypothesis","https://www.browserling.com/tools","Category/technical source only; not exact-query demand evidence","UtilityPilot candidate","Deferred: genuine function but weak connection to launch workflows","2026-09-25"
"K177","generate uuid v4","Interactive task completion","developer","","UUID generator","/tools/developer/uuid-generator/ (reserved; not approved)","generate uuid v4","Unavailable for exact query","Unavailable at query level","Unavailable","Unavailable","Unavailable","Unavailable","Deferred: genuine function but weak connection to launch workflows","UUID generator","Category reference reviewed; operation not tested","Needs further validation before selection","Review before expansion","P2 review","H: research-derived query hypothesis","https://www.browserling.com/tools","Category/technical source only; not exact-query demand evidence","UtilityPilot candidate","Deferred: genuine function but weak connection to launch workflows","2026-09-25"
"K178","bulk uuid generator","Interactive task completion","developer","","UUID generator","/tools/developer/uuid-generator/ (reserved; not approved)","bulk uuid generator","Unavailable for exact query","Unavailable at query level","Unavailable","Unavailable","Unavailable","Unavailable","Deferred: genuine function but weak connection to launch workflows","UUID generator","Category reference reviewed; operation not tested","Needs further validation before selection","Review before expansion","P2 review","H: research-derived query hypothesis","https://www.browserling.com/tools","Category/technical source only; not exact-query demand evidence","UtilityPilot candidate","Deferred: genuine function but weak connection to launch workflows","2026-09-25"
"K179","uuid lowercase generator","Interactive task completion","developer","","UUID generator","/tools/developer/uuid-generator/ (reserved; not approved)","uuid lowercase generator","Unavailable for exact query","Unavailable at query level","Unavailable","Unavailable","Unavailable","Unavailable","Deferred: genuine function but weak connection to launch workflows","UUID generator","Category reference reviewed; operation not tested","Needs further validation before selection","Review before expansion","P2 review","H: research-derived query hypothesis","https://www.browserling.com/tools","Category/technical source only; not exact-query demand evidence","UtilityPilot candidate","Deferred: genuine function but weak connection to launch workflows","2026-09-25"
"K180","validate uuid format","Interactive task completion","developer","","UUID generator","/tools/developer/uuid-generator/ (reserved; not approved)","validate uuid format","Unavailable for exact query","Unavailable at query level","Unavailable","Unavailable","Unavailable","Unavailable","Deferred: genuine function but weak connection to launch workflows","UUID generator","Category reference reviewed; operation not tested","Needs further validation before selection","Review before expansion","P2 review","H: research-derived query hypothesis","https://www.browserling.com/tools","Category/technical source only; not exact-query demand evidence","UtilityPilot candidate","Deferred: genuine function but weak connection to launch workflows","2026-09-25"
"K181","sha256 file checksum online","Interactive task completion","files","","File checksum","/tools/files/file-checksum/ (reserved; not approved)","sha256 file checksum online","Unavailable for exact query","Unavailable at query level","Unavailable","Unavailable","Unavailable","Unavailable","Deferred: useful integrity workflow; bounded memory and no malware claims","File checksum","Category reference reviewed; operation not tested","Needs further validation before selection","Review before expansion","P2 review","H: research-derived query hypothesis","https://developer.mozilla.org/en-US/docs/Web/API/SubtleCrypto/digest","Category/technical source only; not exact-query demand evidence","UtilityPilot candidate","Deferred: useful integrity workflow; bounded memory and no malware claims","2026-09-25"
"K182","compare file hashes","Interactive task completion","files","","File checksum","/tools/files/file-checksum/ (reserved; not approved)","compare file hashes","Unavailable for exact query","Unavailable at query level","Unavailable","Unavailable","Unavailable","Unavailable","Deferred: useful integrity workflow; bounded memory and no malware claims","File checksum","Category reference reviewed; operation not tested","Needs further validation before selection","Review before expansion","P2 review","H: research-derived query hypothesis","https://developer.mozilla.org/en-US/docs/Web/API/SubtleCrypto/digest","Category/technical source only; not exact-query demand evidence","UtilityPilot candidate","Deferred: useful integrity workflow; bounded memory and no malware claims","2026-09-25"
"K183","calculate sha512 hash","Interactive task completion","files","","File checksum","/tools/files/file-checksum/ (reserved; not approved)","calculate sha512 hash","Unavailable for exact query","Unavailable at query level","Unavailable","Unavailable","Unavailable","Unavailable","Deferred: useful integrity workflow; bounded memory and no malware claims","File checksum","Category reference reviewed; operation not tested","Needs further validation before selection","Review before expansion","P2 review","H: research-derived query hypothesis","https://developer.mozilla.org/en-US/docs/Web/API/SubtleCrypto/digest","Category/technical source only; not exact-query demand evidence","UtilityPilot candidate","Deferred: useful integrity workflow; bounded memory and no malware claims","2026-09-25"
"K184","verify downloaded file checksum","Interactive task completion","files","","File checksum","/tools/files/file-checksum/ (reserved; not approved)","verify downloaded file checksum","Unavailable for exact query","Unavailable at query level","Unavailable","Unavailable","Unavailable","Unavailable","Deferred: useful integrity workflow; bounded memory and no malware claims","File checksum","Category reference reviewed; operation not tested","Needs further validation before selection","Review before expansion","P2 review","H: research-derived query hypothesis","https://developer.mozilla.org/en-US/docs/Web/API/SubtleCrypto/digest","Category/technical source only; not exact-query demand evidence","UtilityPilot candidate","Deferred: useful integrity workflow; bounded memory and no malware claims","2026-09-25"
"K185","hash text utf8 online","Interactive task completion","files","","File checksum","/tools/files/file-checksum/ (reserved; not approved)","hash text utf8 online","Unavailable for exact query","Unavailable at query level","Unavailable","Unavailable","Unavailable","Unavailable","Deferred: useful integrity workflow; bounded memory and no malware claims","File checksum","Category reference reviewed; operation not tested","Needs further validation before selection","Review before expansion","P2 review","H: research-derived query hypothesis","https://developer.mozilla.org/en-US/docs/Web/API/SubtleCrypto/digest","Category/technical source only; not exact-query demand evidence","UtilityPilot candidate","Deferred: useful integrity workflow; bounded memory and no malware claims","2026-09-25"
"K186","batch rename files online","Interactive task completion","files","","File renamer helper","/tools/files/file-renamer/ (reserved; not approved)","batch rename files online","Unavailable for exact query","Unavailable at query level","Unavailable","Unavailable","Unavailable","Unavailable","Deferred: generate renamed copies and mapping; do not promise disk rename","File renamer helper","Category reference reviewed; operation not tested","Needs further validation before selection","Review before expansion","P2 review","H: research-derived query hypothesis","https://www.birme.net/","Category/technical source only; not exact-query demand evidence","UtilityPilot candidate","Deferred: generate renamed copies and mapping; do not promise disk rename","2026-09-25"
"K187","preview filename changes","Interactive task completion","files","","File renamer helper","/tools/files/file-renamer/ (reserved; not approved)","preview filename changes","Unavailable for exact query","Unavailable at query level","Unavailable","Unavailable","Unavailable","Unavailable","Deferred: generate renamed copies and mapping; do not promise disk rename","File renamer helper","Category reference reviewed; operation not tested","Needs further validation before selection","Review before expansion","P2 review","H: research-derived query hypothesis","https://www.birme.net/","Category/technical source only; not exact-query demand evidence","UtilityPilot candidate","Deferred: generate renamed copies and mapping; do not promise disk rename","2026-09-25"
"K188","replace spaces in filenames","Interactive task completion","files","","File renamer helper","/tools/files/file-renamer/ (reserved; not approved)","replace spaces in filenames","Unavailable for exact query","Unavailable at query level","Unavailable","Unavailable","Unavailable","Unavailable","Deferred: generate renamed copies and mapping; do not promise disk rename","File renamer helper","Category reference reviewed; operation not tested","Needs further validation before selection","Review before expansion","P2 review","H: research-derived query hypothesis","https://www.birme.net/","Category/technical source only; not exact-query demand evidence","UtilityPilot candidate","Deferred: generate renamed copies and mapping; do not promise disk rename","2026-09-25"
"K189","add sequence number to filenames","Interactive task completion","files","","File renamer helper","/tools/files/file-renamer/ (reserved; not approved)","add sequence number to filenames","Unavailable for exact query","Unavailable at query level","Unavailable","Unavailable","Unavailable","Unavailable","Deferred: generate renamed copies and mapping; do not promise disk rename","File renamer helper","Category reference reviewed; operation not tested","Needs further validation before selection","Review before expansion","P2 review","H: research-derived query hypothesis","https://www.birme.net/","Category/technical source only; not exact-query demand evidence","UtilityPilot candidate","Deferred: generate renamed copies and mapping; do not promise disk rename","2026-09-25"
"K190","download renamed file copies","Interactive task completion","files","","File renamer helper","/tools/files/file-renamer/ (reserved; not approved)","download renamed file copies","Unavailable for exact query","Unavailable at query level","Unavailable","Unavailable","Unavailable","Unavailable","Deferred: generate renamed copies and mapping; do not promise disk rename","File renamer helper","Category reference reviewed; operation not tested","Needs further validation before selection","Review before expansion","P2 review","H: research-derived query hypothesis","https://www.birme.net/","Category/technical source only; not exact-query demand evidence","UtilityPilot candidate","Deferred: generate renamed copies and mapping; do not promise disk rename","2026-09-25"
"K191","view file metadata online","Interactive task completion","files","","File metadata viewer","/tools/files/metadata-viewer/ (reserved; not approved)","view file metadata online","Unavailable for exact query","Unavailable at query level","Unavailable","Unavailable","Unavailable","Unavailable","Deferred: per-format support required; basic File properties are insufficient","File metadata viewer","Category reference reviewed; operation not tested","Needs further validation before selection","Review before expansion","P2 review","H: research-derived query hypothesis","https://exif.tools/","Category/technical source only; not exact-query demand evidence","UtilityPilot candidate","Deferred: per-format support required; basic File properties are insufficient","2026-09-25"
"K192","view image exif metadata","Interactive task completion","files","","File metadata viewer","/tools/files/metadata-viewer/ (reserved; not approved)","view image exif metadata","Unavailable for exact query","Unavailable at query level","Unavailable","Unavailable","Unavailable","Unavailable","Deferred: per-format support required; basic File properties are insufficient","File metadata viewer","Category reference reviewed; operation not tested","Needs further validation before selection","Review before expansion","P2 review","H: research-derived query hypothesis","https://exif.tools/","Category/technical source only; not exact-query demand evidence","UtilityPilot candidate","Deferred: per-format support required; basic File properties are insufficient","2026-09-25"
"K193","check photo gps metadata","Interactive task completion","files","","File metadata viewer","/tools/files/metadata-viewer/ (reserved; not approved)","check photo gps metadata","Unavailable for exact query","Unavailable at query level","Unavailable","Unavailable","Unavailable","Unavailable","Deferred: per-format support required; basic File properties are insufficient","File metadata viewer","Category reference reviewed; operation not tested","Needs further validation before selection","Review before expansion","P2 review","H: research-derived query hypothesis","https://exif.tools/","Category/technical source only; not exact-query demand evidence","UtilityPilot candidate","Deferred: per-format support required; basic File properties are insufficient","2026-09-25"
"K194","extract document properties","Interactive task completion","files","","File metadata viewer","/tools/files/metadata-viewer/ (reserved; not approved)","extract document properties","Unavailable for exact query","Unavailable at query level","Unavailable","Unavailable","Unavailable","Unavailable","Deferred: per-format support required; basic File properties are insufficient","File metadata viewer","Category reference reviewed; operation not tested","Needs further validation before selection","Review before expansion","P2 review","H: research-derived query hypothesis","https://exif.tools/","Category/technical source only; not exact-query demand evidence","UtilityPilot candidate","Deferred: per-format support required; basic File properties are insufficient","2026-09-25"
"K195","inspect file mime type","Interactive task completion","files","","File metadata viewer","/tools/files/metadata-viewer/ (reserved; not approved)","inspect file mime type","Unavailable for exact query","Unavailable at query level","Unavailable","Unavailable","Unavailable","Unavailable","Deferred: per-format support required; basic File properties are insufficient","File metadata viewer","Category reference reviewed; operation not tested","Needs further validation before selection","Review before expansion","P2 review","H: research-derived query hypothesis","https://exif.tools/","Category/technical source only; not exact-query demand evidence","UtilityPilot candidate","Deferred: per-format support required; basic File properties are insufficient","2026-09-25"
"K196","merge pdf online","Interactive task completion","documents","","PDF organizer","/tools/documents/pdf-organizer/ (reserved; not approved)","merge pdf online","Unavailable for exact query","Unavailable at query level","Unavailable","Unavailable","Unavailable","Unavailable","Deferred: local feasibility but signed encrypted and malformed files need larger QA","PDF organizer","Category reference reviewed; operation not tested","Needs further validation before selection","Review before expansion","P2 review","H: research-derived query hypothesis","https://www.ilovepdf.com/","Category/technical source only; not exact-query demand evidence","UtilityPilot candidate","Deferred: local feasibility but signed encrypted and malformed files need larger QA","2026-09-25"
"K197","split pdf pages","Interactive task completion","documents","","PDF organizer","/tools/documents/pdf-organizer/ (reserved; not approved)","split pdf pages","Unavailable for exact query","Unavailable at query level","Unavailable","Unavailable","Unavailable","Unavailable","Deferred: local feasibility but signed encrypted and malformed files need larger QA","PDF organizer","Category reference reviewed; operation not tested","Needs further validation before selection","Review before expansion","P2 review","H: research-derived query hypothesis","https://www.ilovepdf.com/","Category/technical source only; not exact-query demand evidence","UtilityPilot candidate","Deferred: local feasibility but signed encrypted and malformed files need larger QA","2026-09-25"
"K198","reorder pdf pages","Interactive task completion","documents","","PDF organizer","/tools/documents/pdf-organizer/ (reserved; not approved)","reorder pdf pages","Unavailable for exact query","Unavailable at query level","Unavailable","Unavailable","Unavailable","Unavailable","Deferred: local feasibility but signed encrypted and malformed files need larger QA","PDF organizer","Category reference reviewed; operation not tested","Needs further validation before selection","Review before expansion","P2 review","H: research-derived query hypothesis","https://www.ilovepdf.com/","Category/technical source only; not exact-query demand evidence","UtilityPilot candidate","Deferred: local feasibility but signed encrypted and malformed files need larger QA","2026-09-25"
"K199","extract pages from pdf","Interactive task completion","documents","","PDF organizer","/tools/documents/pdf-organizer/ (reserved; not approved)","extract pages from pdf","Unavailable for exact query","Unavailable at query level","Unavailable","Unavailable","Unavailable","Unavailable","Deferred: local feasibility but signed encrypted and malformed files need larger QA","PDF organizer","Category reference reviewed; operation not tested","Needs further validation before selection","Review before expansion","P2 review","H: research-derived query hypothesis","https://www.ilovepdf.com/","Category/technical source only; not exact-query demand evidence","UtilityPilot candidate","Deferred: local feasibility but signed encrypted and malformed files need larger QA","2026-09-25"
"K200","rotate pdf pages","Interactive task completion","documents","","PDF organizer","/tools/documents/pdf-organizer/ (reserved; not approved)","rotate pdf pages","Unavailable for exact query","Unavailable at query level","Unavailable","Unavailable","Unavailable","Unavailable","Deferred: local feasibility but signed encrypted and malformed files need larger QA","PDF organizer","Category reference reviewed; operation not tested","Needs further validation before selection","Review before expansion","P2 review","H: research-derived query hypothesis","https://www.ilovepdf.com/","Category/technical source only; not exact-query demand evidence","UtilityPilot candidate","Deferred: local feasibility but signed encrypted and malformed files need larger QA","2026-09-25"
"K201","convert pdf to word","Interactive task completion","documents","","Document conversion","/tools/documents/document-converter/ (reserved; not approved)","convert pdf to word","Unavailable for exact query","Unavailable at query level","Unavailable","Unavailable","Unavailable","Unavailable","Rejected MVP: fidelity OCR and font handling exceed reliable browser scope","Document conversion","Category reference reviewed; operation not tested","Needs further validation before selection","Review before expansion","P2 review","H: research-derived query hypothesis","https://smallpdf.com/","Category/technical source only; not exact-query demand evidence","UtilityPilot candidate","Rejected MVP: fidelity OCR and font handling exceed reliable browser scope","2026-09-25"
"K202","convert word to pdf","Interactive task completion","documents","","Document conversion","/tools/documents/document-converter/ (reserved; not approved)","convert word to pdf","Unavailable for exact query","Unavailable at query level","Unavailable","Unavailable","Unavailable","Unavailable","Rejected MVP: fidelity OCR and font handling exceed reliable browser scope","Document conversion","Category reference reviewed; operation not tested","Needs further validation before selection","Review before expansion","P2 review","H: research-derived query hypothesis","https://smallpdf.com/","Category/technical source only; not exact-query demand evidence","UtilityPilot candidate","Rejected MVP: fidelity OCR and font handling exceed reliable browser scope","2026-09-25"
"K203","extract text from scanned pdf","Interactive task completion","documents","","Document conversion","/tools/documents/document-converter/ (reserved; not approved)","extract text from scanned pdf","Unavailable for exact query","Unavailable at query level","Unavailable","Unavailable","Unavailable","Unavailable","Rejected MVP: fidelity OCR and font handling exceed reliable browser scope","Document conversion","Category reference reviewed; operation not tested","Needs further validation before selection","Review before expansion","P2 review","H: research-derived query hypothesis","https://smallpdf.com/","Category/technical source only; not exact-query demand evidence","UtilityPilot candidate","Rejected MVP: fidelity OCR and font handling exceed reliable browser scope","2026-09-25"
"K204","compress pdf to 100kb","Interactive task completion","documents","","Document conversion","/tools/documents/document-converter/ (reserved; not approved)","compress pdf to 100kb","Unavailable for exact query","Unavailable at query level","Unavailable","Unavailable","Unavailable","Unavailable","Rejected MVP: fidelity OCR and font handling exceed reliable browser scope","Document conversion","Category reference reviewed; operation not tested","Needs further validation before selection","Review before expansion","P2 review","H: research-derived query hypothesis","https://smallpdf.com/","Category/technical source only; not exact-query demand evidence","UtilityPilot candidate","Rejected MVP: fidelity OCR and font handling exceed reliable browser scope","2026-09-25"
"K205","merge word documents online","Interactive task completion","documents","","Document conversion","/tools/documents/document-converter/ (reserved; not approved)","merge word documents online","Unavailable for exact query","Unavailable at query level","Unavailable","Unavailable","Unavailable","Unavailable","Rejected MVP: fidelity OCR and font handling exceed reliable browser scope","Document conversion","Category reference reviewed; operation not tested","Needs further validation before selection","Review before expansion","P2 review","H: research-derived query hypothesis","https://smallpdf.com/","Category/technical source only; not exact-query demand evidence","UtilityPilot candidate","Rejected MVP: fidelity OCR and font handling exceed reliable browser scope","2026-09-25"
"K206","title length checker","Interactive task completion","web","","Metadata preview","/tools/web/metadata-preview/ (reserved; not approved)","title length checker","Unavailable for exact query","Unavailable at query level","Unavailable","Unavailable","Unavailable","Unavailable","Deferred: illustrative preview only; no ranking or exact SERP claims","Metadata preview","Category reference reviewed; operation not tested","Needs further validation before selection","Review before expansion","P2 review","H: research-derived query hypothesis","https://www.screamingfrog.co.uk/seo-spider/","Category/technical source only; not exact-query demand evidence","UtilityPilot candidate","Deferred: illustrative preview only; no ranking or exact SERP claims","2026-09-25"
"K207","meta description length checker","Interactive task completion","web","","Metadata preview","/tools/web/metadata-preview/ (reserved; not approved)","meta description length checker","Unavailable for exact query","Unavailable at query level","Unavailable","Unavailable","Unavailable","Unavailable","Deferred: illustrative preview only; no ranking or exact SERP claims","Metadata preview","Category reference reviewed; operation not tested","Needs further validation before selection","Review before expansion","P2 review","H: research-derived query hypothesis","https://www.screamingfrog.co.uk/seo-spider/","Category/technical source only; not exact-query demand evidence","UtilityPilot candidate","Deferred: illustrative preview only; no ranking or exact SERP claims","2026-09-25"
"K208","google snippet preview tool","Interactive task completion","web","","Metadata preview","/tools/web/metadata-preview/ (reserved; not approved)","google snippet preview tool","Unavailable for exact query","Unavailable at query level","Unavailable","Unavailable","Unavailable","Unavailable","Deferred: illustrative preview only; no ranking or exact SERP claims","Metadata preview","Category reference reviewed; operation not tested","Needs further validation before selection","Review before expansion","P2 review","H: research-derived query hypothesis","https://www.screamingfrog.co.uk/seo-spider/","Category/technical source only; not exact-query demand evidence","UtilityPilot candidate","Deferred: illustrative preview only; no ranking or exact SERP claims","2026-09-25"
"K209","open graph preview from html","Interactive task completion","web","","Metadata preview","/tools/web/metadata-preview/ (reserved; not approved)","open graph preview from html","Unavailable for exact query","Unavailable at query level","Unavailable","Unavailable","Unavailable","Unavailable","Deferred: illustrative preview only; no ranking or exact SERP claims","Metadata preview","Category reference reviewed; operation not tested","Needs further validation before selection","Review before expansion","P2 review","H: research-derived query hypothesis","https://www.screamingfrog.co.uk/seo-spider/","Category/technical source only; not exact-query demand evidence","UtilityPilot candidate","Deferred: illustrative preview only; no ranking or exact SERP claims","2026-09-25"
"K210","extract canonical from pasted html","Interactive task completion","web","","Metadata preview","/tools/web/metadata-preview/ (reserved; not approved)","extract canonical from pasted html","Unavailable for exact query","Unavailable at query level","Unavailable","Unavailable","Unavailable","Unavailable","Deferred: illustrative preview only; no ranking or exact SERP claims","Metadata preview","Category reference reviewed; operation not tested","Needs further validation before selection","Review before expansion","P2 review","H: research-derived query hypothesis","https://www.screamingfrog.co.uk/seo-spider/","Category/technical source only; not exact-query demand evidence","UtilityPilot candidate","Deferred: illustrative preview only; no ranking or exact SERP claims","2026-09-25"
"K211","robots txt generator","Interactive task completion","web","","Webmaster helpers","/tools/web/crawl-helpers/ (reserved; not approved)","robots txt generator","Unavailable for exact query","Unavailable at query level","Unavailable","Unavailable","Unavailable","Unavailable","Deferred: static authoring possible; remote checks need infrastructure","Webmaster helpers","Category reference reviewed; operation not tested","Needs further validation before selection","Review before expansion","P2 review","H: research-derived query hypothesis","https://www.screamingfrog.co.uk/seo-spider/","Category/technical source only; not exact-query demand evidence","UtilityPilot candidate","Deferred: static authoring possible; remote checks need infrastructure","2026-09-25"
"K212","sitemap generator from url list","Interactive task completion","web","","Webmaster helpers","/tools/web/crawl-helpers/ (reserved; not approved)","sitemap generator from url list","Unavailable for exact query","Unavailable at query level","Unavailable","Unavailable","Unavailable","Unavailable","Deferred: static authoring possible; remote checks need infrastructure","Webmaster helpers","Category reference reviewed; operation not tested","Needs further validation before selection","Review before expansion","P2 review","H: research-derived query hypothesis","https://www.screamingfrog.co.uk/seo-spider/","Category/technical source only; not exact-query demand evidence","UtilityPilot candidate","Deferred: static authoring possible; remote checks need infrastructure","2026-09-25"
"K213","canonical url checker","Interactive task completion","web","","Webmaster helpers","/tools/web/crawl-helpers/ (reserved; not approved)","canonical url checker","Unavailable for exact query","Unavailable at query level","Unavailable","Unavailable","Unavailable","Unavailable","Deferred: static authoring possible; remote checks need infrastructure","Webmaster helpers","Category reference reviewed; operation not tested","Needs further validation before selection","Review before expansion","P2 review","H: research-derived query hypothesis","https://www.screamingfrog.co.uk/seo-spider/","Category/technical source only; not exact-query demand evidence","UtilityPilot candidate","Deferred: static authoring possible; remote checks need infrastructure","2026-09-25"
"K214","http status checker","Interactive task completion","web","","Webmaster helpers","/tools/web/crawl-helpers/ (reserved; not approved)","http status checker","Unavailable for exact query","Unavailable at query level","Unavailable","Unavailable","Unavailable","Unavailable","Deferred: static authoring possible; remote checks need infrastructure","Webmaster helpers","Category reference reviewed; operation not tested","Needs further validation before selection","Review before expansion","P2 review","H: research-derived query hypothesis","https://www.screamingfrog.co.uk/seo-spider/","Category/technical source only; not exact-query demand evidence","UtilityPilot candidate","Deferred: static authoring possible; remote checks need infrastructure","2026-09-25"
"K215","redirect chain checker","Interactive task completion","web","","Webmaster helpers","/tools/web/crawl-helpers/ (reserved; not approved)","redirect chain checker","Unavailable for exact query","Unavailable at query level","Unavailable","Unavailable","Unavailable","Unavailable","Deferred: static authoring possible; remote checks need infrastructure","Webmaster helpers","Category reference reviewed; operation not tested","Needs further validation before selection","Review before expansion","P2 review","H: research-derived query hypothesis","https://www.screamingfrog.co.uk/seo-spider/","Category/technical source only; not exact-query demand evidence","UtilityPilot candidate","Deferred: static authoring possible; remote checks need infrastructure","2026-09-25"
"K216","json schema validator","Interactive task completion","data","","Advanced data validation","/tools/data/json-schema/ (reserved; not approved)","json schema validator","Unavailable for exact query","Unavailable at query level","Unavailable","Unavailable","Unavailable","Unavailable","Deferred: distinct contracts and schemas require bounded maintained engines","Advanced data validation","Category reference reviewed; operation not tested","Needs further validation before selection","Review before expansion","P2 review","H: research-derived query hypothesis","https://www.rfc-editor.org/rfc/rfc8259","Category/technical source only; not exact-query demand evidence","UtilityPilot candidate","Deferred: distinct contracts and schemas require bounded maintained engines","2026-09-25"
"K217","jsonl to json converter","Interactive task completion","data","","Advanced data validation","/tools/data/json-schema/ (reserved; not approved)","jsonl to json converter","Unavailable for exact query","Unavailable at query level","Unavailable","Unavailable","Unavailable","Unavailable","Deferred: distinct contracts and schemas require bounded maintained engines","Advanced data validation","Category reference reviewed; operation not tested","Needs further validation before selection","Review before expansion","P2 review","H: research-derived query hypothesis","https://www.rfc-editor.org/rfc/rfc8259","Category/technical source only; not exact-query demand evidence","UtilityPilot candidate","Deferred: distinct contracts and schemas require bounded maintained engines","2026-09-25"
"K218","json to jsonl converter","Interactive task completion","data","","Advanced data validation","/tools/data/json-schema/ (reserved; not approved)","json to jsonl converter","Unavailable for exact query","Unavailable at query level","Unavailable","Unavailable","Unavailable","Unavailable","Deferred: distinct contracts and schemas require bounded maintained engines","Advanced data validation","Category reference reviewed; operation not tested","Needs further validation before selection","Review before expansion","P2 review","H: research-derived query hypothesis","https://www.rfc-editor.org/rfc/rfc8259","Category/technical source only; not exact-query demand evidence","UtilityPilot candidate","Deferred: distinct contracts and schemas require bounded maintained engines","2026-09-25"
"K219","validate yaml online","Interactive task completion","data","","Advanced data validation","/tools/data/json-schema/ (reserved; not approved)","validate yaml online","Unavailable for exact query","Unavailable at query level","Unavailable","Unavailable","Unavailable","Unavailable","Deferred: distinct contracts and schemas require bounded maintained engines","Advanced data validation","Category reference reviewed; operation not tested","Needs further validation before selection","Review before expansion","P2 review","H: research-derived query hypothesis","https://www.rfc-editor.org/rfc/rfc8259","Category/technical source only; not exact-query demand evidence","UtilityPilot candidate","Deferred: distinct contracts and schemas require bounded maintained engines","2026-09-25"
"K220","convert xml to json","Interactive task completion","data","","Advanced data validation","/tools/data/json-schema/ (reserved; not approved)","convert xml to json","Unavailable for exact query","Unavailable at query level","Unavailable","Unavailable","Unavailable","Unavailable","Deferred: distinct contracts and schemas require bounded maintained engines","Advanced data validation","Category reference reviewed; operation not tested","Needs further validation before selection","Review before expansion","P2 review","H: research-derived query hypothesis","https://www.rfc-editor.org/rfc/rfc8259","Category/technical source only; not exact-query demand evidence","UtilityPilot candidate","Deferred: distinct contracts and schemas require bounded maintained engines","2026-09-25"
"K221","mb to mib converter","Interactive task completion","conversion","","Digital unit conversion","/tools/conversion/data-size/ (reserved; not approved)","mb to mib converter","Unavailable for exact query","Unavailable at query level","Unavailable","Unavailable","Unavailable","Unavailable","Deferred: fits digital work but launch shows file bytes inline","Digital unit conversion","Category reference reviewed; operation not tested","Needs further validation before selection","Review before expansion","P2 review","H: research-derived query hypothesis","https://www.unitconverters.net/","Category/technical source only; not exact-query demand evidence","UtilityPilot candidate","Deferred: fits digital work but launch shows file bytes inline","2026-09-25"
"K222","bytes to kilobytes converter","Interactive task completion","conversion","","Digital unit conversion","/tools/conversion/data-size/ (reserved; not approved)","bytes to kilobytes converter","Unavailable for exact query","Unavailable at query level","Unavailable","Unavailable","Unavailable","Unavailable","Deferred: fits digital work but launch shows file bytes inline","Digital unit conversion","Category reference reviewed; operation not tested","Needs further validation before selection","Review before expansion","P2 review","H: research-derived query hypothesis","https://www.unitconverters.net/","Category/technical source only; not exact-query demand evidence","UtilityPilot candidate","Deferred: fits digital work but launch shows file bytes inline","2026-09-25"
"K223","megabits to megabytes","Interactive task completion","conversion","","Digital unit conversion","/tools/conversion/data-size/ (reserved; not approved)","megabits to megabytes","Unavailable for exact query","Unavailable at query level","Unavailable","Unavailable","Unavailable","Unavailable","Deferred: fits digital work but launch shows file bytes inline","Digital unit conversion","Category reference reviewed; operation not tested","Needs further validation before selection","Review before expansion","P2 review","H: research-derived query hypothesis","https://www.unitconverters.net/","Category/technical source only; not exact-query demand evidence","UtilityPilot candidate","Deferred: fits digital work but launch shows file bytes inline","2026-09-25"
"K224","file size calculator","Interactive task completion","conversion","","Digital unit conversion","/tools/conversion/data-size/ (reserved; not approved)","file size calculator","Unavailable for exact query","Unavailable at query level","Unavailable","Unavailable","Unavailable","Unavailable","Deferred: fits digital work but launch shows file bytes inline","Digital unit conversion","Category reference reviewed; operation not tested","Needs further validation before selection","Review before expansion","P2 review","H: research-derived query hypothesis","https://www.unitconverters.net/","Category/technical source only; not exact-query demand evidence","UtilityPilot candidate","Deferred: fits digital work but launch shows file bytes inline","2026-09-25"
"K225","data transfer time calculator","Interactive task completion","conversion","","Digital unit conversion","/tools/conversion/data-size/ (reserved; not approved)","data transfer time calculator","Unavailable for exact query","Unavailable at query level","Unavailable","Unavailable","Unavailable","Unavailable","Deferred: fits digital work but launch shows file bytes inline","Digital unit conversion","Category reference reviewed; operation not tested","Needs further validation before selection","Review before expansion","P2 review","H: research-derived query hypothesis","https://www.unitconverters.net/","Category/technical source only; not exact-query demand evidence","UtilityPilot candidate","Deferred: fits digital work but launch shows file bytes inline","2026-09-25"
"K226","percentage calculator","Interactive task completion","calculators","","Percentage tools","OUT OF SCOPE","percentage calculator","Unavailable for exact query","Unavailable at query level","Unavailable","Unavailable","Unavailable","Unavailable","OUT OF SCOPE: CalculateHub owns standalone numeric calculation","Percentage tools","Category reference reviewed; operation not tested","Needs further validation before selection","High portfolio overlap","OUT","H: research-derived query hypothesis","https://www.calculator.net/","Category/technical source only; not exact-query demand evidence","CalculateHub","OUT OF SCOPE: CalculateHub owns standalone numeric calculation","2026-09-25"
"K227","percentage change calculator","Interactive task completion","calculators","","Percentage tools","OUT OF SCOPE","percentage change calculator","Unavailable for exact query","Unavailable at query level","Unavailable","Unavailable","Unavailable","Unavailable","OUT OF SCOPE: CalculateHub owns standalone numeric calculation","Percentage tools","Category reference reviewed; operation not tested","Needs further validation before selection","High portfolio overlap","OUT","H: research-derived query hypothesis","https://www.calculator.net/","Category/technical source only; not exact-query demand evidence","CalculateHub","OUT OF SCOPE: CalculateHub owns standalone numeric calculation","2026-09-25"
"K228","percentage difference between two numbers","Interactive task completion","calculators","","Percentage tools","OUT OF SCOPE","percentage difference between two numbers","Unavailable for exact query","Unavailable at query level","Unavailable","Unavailable","Unavailable","Unavailable","OUT OF SCOPE: CalculateHub owns standalone numeric calculation","Percentage tools","Category reference reviewed; operation not tested","Needs further validation before selection","High portfolio overlap","OUT","H: research-derived query hypothesis","https://www.calculator.net/","Category/technical source only; not exact-query demand evidence","CalculateHub","OUT OF SCOPE: CalculateHub owns standalone numeric calculation","2026-09-25"
"K229","discount calculator","Interactive task completion","calculators","","Percentage tools","OUT OF SCOPE","discount calculator","Unavailable for exact query","Unavailable at query level","Unavailable","Unavailable","Unavailable","Unavailable","OUT OF SCOPE: CalculateHub owns standalone numeric calculation","Percentage tools","Category reference reviewed; operation not tested","Needs further validation before selection","High portfolio overlap","OUT","H: research-derived query hypothesis","https://www.calculator.net/","Category/technical source only; not exact-query demand evidence","CalculateHub","OUT OF SCOPE: CalculateHub owns standalone numeric calculation","2026-09-25"
"K230","reverse percentage calculator","Interactive task completion","calculators","","Percentage tools","OUT OF SCOPE","reverse percentage calculator","Unavailable for exact query","Unavailable at query level","Unavailable","Unavailable","Unavailable","Unavailable","OUT OF SCOPE: CalculateHub owns standalone numeric calculation","Percentage tools","Category reference reviewed; operation not tested","Needs further validation before selection","High portfolio overlap","OUT","H: research-derived query hypothesis","https://www.calculator.net/","Category/technical source only; not exact-query demand evidence","CalculateHub","OUT OF SCOPE: CalculateHub owns standalone numeric calculation","2026-09-25"
"K231","profit margin calculator","Interactive task completion","calculators","","Business calculators","OUT OF SCOPE","profit margin calculator","Unavailable for exact query","Unavailable at query level","Unavailable","Unavailable","Unavailable","Unavailable","OUT OF SCOPE: CalculateHub owns standalone business arithmetic","Business calculators","Category reference reviewed; operation not tested","Needs further validation before selection","High portfolio overlap","OUT","H: research-derived query hypothesis","https://www.calculator.net/","Category/technical source only; not exact-query demand evidence","CalculateHub","OUT OF SCOPE: CalculateHub owns standalone business arithmetic","2026-09-25"
"K232","markup calculator","Interactive task completion","calculators","","Business calculators","OUT OF SCOPE","markup calculator","Unavailable for exact query","Unavailable at query level","Unavailable","Unavailable","Unavailable","Unavailable","OUT OF SCOPE: CalculateHub owns standalone business arithmetic","Business calculators","Category reference reviewed; operation not tested","Needs further validation before selection","High portfolio overlap","OUT","H: research-derived query hypothesis","https://www.calculator.net/","Category/technical source only; not exact-query demand evidence","CalculateHub","OUT OF SCOPE: CalculateHub owns standalone business arithmetic","2026-09-25"
"K233","break even calculator","Interactive task completion","calculators","","Business calculators","OUT OF SCOPE","break even calculator","Unavailable for exact query","Unavailable at query level","Unavailable","Unavailable","Unavailable","Unavailable","OUT OF SCOPE: CalculateHub owns standalone business arithmetic","Business calculators","Category reference reviewed; operation not tested","Needs further validation before selection","High portfolio overlap","OUT","H: research-derived query hypothesis","https://www.calculator.net/","Category/technical source only; not exact-query demand evidence","CalculateHub","OUT OF SCOPE: CalculateHub owns standalone business arithmetic","2026-09-25"
"K234","unit cost calculator","Interactive task completion","calculators","","Business calculators","OUT OF SCOPE","unit cost calculator","Unavailable for exact query","Unavailable at query level","Unavailable","Unavailable","Unavailable","Unavailable","OUT OF SCOPE: CalculateHub owns standalone business arithmetic","Business calculators","Category reference reviewed; operation not tested","Needs further validation before selection","High portfolio overlap","OUT","H: research-derived query hypothesis","https://www.calculator.net/","Category/technical source only; not exact-query demand evidence","CalculateHub","OUT OF SCOPE: CalculateHub owns standalone business arithmetic","2026-09-25"
"K235","weighted average calculator","Interactive task completion","calculators","","Business calculators","OUT OF SCOPE","weighted average calculator","Unavailable for exact query","Unavailable at query level","Unavailable","Unavailable","Unavailable","Unavailable","OUT OF SCOPE: CalculateHub owns standalone business arithmetic","Business calculators","Category reference reviewed; operation not tested","Needs further validation before selection","High portfolio overlap","OUT","H: research-derived query hypothesis","https://www.calculator.net/","Category/technical source only; not exact-query demand evidence","CalculateHub","OUT OF SCOPE: CalculateHub owns standalone business arithmetic","2026-09-25"
"K236","ratio calculator","Interactive task completion","calculators","","Number tools","OUT OF SCOPE","ratio calculator","Unavailable for exact query","Unavailable at query level","Unavailable","Unavailable","Unavailable","Unavailable","OUT OF SCOPE: CalculateHub owns mathematical quantities","Number tools","Category reference reviewed; operation not tested","Needs further validation before selection","High portfolio overlap","OUT","H: research-derived query hypothesis","https://www.rapidtables.com/","Category/technical source only; not exact-query demand evidence","CalculateHub","OUT OF SCOPE: CalculateHub owns mathematical quantities","2026-09-25"
"K237","proportion calculator","Interactive task completion","calculators","","Number tools","OUT OF SCOPE","proportion calculator","Unavailable for exact query","Unavailable at query level","Unavailable","Unavailable","Unavailable","Unavailable","OUT OF SCOPE: CalculateHub owns mathematical quantities","Number tools","Category reference reviewed; operation not tested","Needs further validation before selection","High portfolio overlap","OUT","H: research-derived query hypothesis","https://www.rapidtables.com/","Category/technical source only; not exact-query demand evidence","CalculateHub","OUT OF SCOPE: CalculateHub owns mathematical quantities","2026-09-25"
"K238","average calculator","Interactive task completion","calculators","","Number tools","OUT OF SCOPE","average calculator","Unavailable for exact query","Unavailable at query level","Unavailable","Unavailable","Unavailable","Unavailable","OUT OF SCOPE: CalculateHub owns mathematical quantities","Number tools","Category reference reviewed; operation not tested","Needs further validation before selection","High portfolio overlap","OUT","H: research-derived query hypothesis","https://www.rapidtables.com/","Category/technical source only; not exact-query demand evidence","CalculateHub","OUT OF SCOPE: CalculateHub owns mathematical quantities","2026-09-25"
"K239","fraction calculator","Interactive task completion","calculators","","Number tools","OUT OF SCOPE","fraction calculator","Unavailable for exact query","Unavailable at query level","Unavailable","Unavailable","Unavailable","Unavailable","OUT OF SCOPE: CalculateHub owns mathematical quantities","Number tools","Category reference reviewed; operation not tested","Needs further validation before selection","High portfolio overlap","OUT","H: research-derived query hypothesis","https://www.rapidtables.com/","Category/technical source only; not exact-query demand evidence","CalculateHub","OUT OF SCOPE: CalculateHub owns mathematical quantities","2026-09-25"
"K240","random number generator","Interactive task completion","calculators","","Number tools","OUT OF SCOPE","random number generator","Unavailable for exact query","Unavailable at query level","Unavailable","Unavailable","Unavailable","Unavailable","OUT OF SCOPE: CalculateHub owns mathematical quantities","Number tools","Category reference reviewed; operation not tested","Needs further validation before selection","High portfolio overlap","OUT","H: research-derived query hypothesis","https://www.rapidtables.com/","Category/technical source only; not exact-query demand evidence","CalculateHub","OUT OF SCOPE: CalculateHub owns mathematical quantities","2026-09-25"
"K241","days between dates","Interactive task completion","date-time","","Calendar tools","OUT OF SCOPE","days between dates","Unavailable for exact query","Unavailable at query level","Unavailable","Unavailable","Unavailable","Unavailable","OUT OF SCOPE: DatePilot owns calendar and clock tasks","Calendar tools","Category reference reviewed; operation not tested","Needs further validation before selection","High portfolio overlap","OUT","H: research-derived query hypothesis","https://www.timeanddate.com/","Category/technical source only; not exact-query demand evidence","DatePilot","OUT OF SCOPE: DatePilot owns calendar and clock tasks","2026-09-25"
"K242","add days to date","Interactive task completion","date-time","","Calendar tools","OUT OF SCOPE","add days to date","Unavailable for exact query","Unavailable at query level","Unavailable","Unavailable","Unavailable","Unavailable","OUT OF SCOPE: DatePilot owns calendar and clock tasks","Calendar tools","Category reference reviewed; operation not tested","Needs further validation before selection","High portfolio overlap","OUT","H: research-derived query hypothesis","https://www.timeanddate.com/","Category/technical source only; not exact-query demand evidence","DatePilot","OUT OF SCOPE: DatePilot owns calendar and clock tasks","2026-09-25"
"K243","subtract days from date","Interactive task completion","date-time","","Calendar tools","OUT OF SCOPE","subtract days from date","Unavailable for exact query","Unavailable at query level","Unavailable","Unavailable","Unavailable","Unavailable","OUT OF SCOPE: DatePilot owns calendar and clock tasks","Calendar tools","Category reference reviewed; operation not tested","Needs further validation before selection","High portfolio overlap","OUT","H: research-derived query hypothesis","https://www.timeanddate.com/","Category/technical source only; not exact-query demand evidence","DatePilot","OUT OF SCOPE: DatePilot owns calendar and clock tasks","2026-09-25"
"K244","time difference calculator","Interactive task completion","date-time","","Calendar tools","OUT OF SCOPE","time difference calculator","Unavailable for exact query","Unavailable at query level","Unavailable","Unavailable","Unavailable","Unavailable","OUT OF SCOPE: DatePilot owns calendar and clock tasks","Calendar tools","Category reference reviewed; operation not tested","Needs further validation before selection","High portfolio overlap","OUT","H: research-derived query hypothesis","https://www.timeanddate.com/","Category/technical source only; not exact-query demand evidence","DatePilot","OUT OF SCOPE: DatePilot owns calendar and clock tasks","2026-09-25"
"K245","timezone converter","Interactive task completion","date-time","","Calendar tools","OUT OF SCOPE","timezone converter","Unavailable for exact query","Unavailable at query level","Unavailable","Unavailable","Unavailable","Unavailable","OUT OF SCOPE: DatePilot owns calendar and clock tasks","Calendar tools","Category reference reviewed; operation not tested","Needs further validation before selection","High portfolio overlap","OUT","H: research-derived query hypothesis","https://www.timeanddate.com/","Category/technical source only; not exact-query demand evidence","DatePilot","OUT OF SCOPE: DatePilot owns calendar and clock tasks","2026-09-25"
"K246","unix timestamp converter","Interactive task completion","date-time","","Timestamp tools","OUT OF SCOPE","unix timestamp converter","Unavailable for exact query","Unavailable at query level","Unavailable","Unavailable","Unavailable","Unavailable","OUT OF SCOPE: DatePilot owns timestamps too; link only when useful","Timestamp tools","Category reference reviewed; operation not tested","Needs further validation before selection","High portfolio overlap","OUT","H: research-derived query hypothesis","https://www.timeanddate.com/","Category/technical source only; not exact-query demand evidence","DatePilot","OUT OF SCOPE: DatePilot owns timestamps too; link only when useful","2026-09-25"
"K247","milliseconds to date","Interactive task completion","date-time","","Timestamp tools","OUT OF SCOPE","milliseconds to date","Unavailable for exact query","Unavailable at query level","Unavailable","Unavailable","Unavailable","Unavailable","OUT OF SCOPE: DatePilot owns timestamps too; link only when useful","Timestamp tools","Category reference reviewed; operation not tested","Needs further validation before selection","High portfolio overlap","OUT","H: research-derived query hypothesis","https://www.timeanddate.com/","Category/technical source only; not exact-query demand evidence","DatePilot","OUT OF SCOPE: DatePilot owns timestamps too; link only when useful","2026-09-25"
"K248","iso 8601 to unix timestamp","Interactive task completion","date-time","","Timestamp tools","OUT OF SCOPE","iso 8601 to unix timestamp","Unavailable for exact query","Unavailable at query level","Unavailable","Unavailable","Unavailable","Unavailable","OUT OF SCOPE: DatePilot owns timestamps too; link only when useful","Timestamp tools","Category reference reviewed; operation not tested","Needs further validation before selection","High portfolio overlap","OUT","H: research-derived query hypothesis","https://www.timeanddate.com/","Category/technical source only; not exact-query demand evidence","DatePilot","OUT OF SCOPE: DatePilot owns timestamps too; link only when useful","2026-09-25"
"K249","countdown timer online","Interactive task completion","date-time","","Timestamp tools","OUT OF SCOPE","countdown timer online","Unavailable for exact query","Unavailable at query level","Unavailable","Unavailable","Unavailable","Unavailable","OUT OF SCOPE: DatePilot owns timestamps too; link only when useful","Timestamp tools","Category reference reviewed; operation not tested","Needs further validation before selection","High portfolio overlap","OUT","H: research-derived query hypothesis","https://www.timeanddate.com/","Category/technical source only; not exact-query demand evidence","DatePilot","OUT OF SCOPE: DatePilot owns timestamps too; link only when useful","2026-09-25"
"K250","time duration calculator","Interactive task completion","date-time","","Timestamp tools","OUT OF SCOPE","time duration calculator","Unavailable for exact query","Unavailable at query level","Unavailable","Unavailable","Unavailable","Unavailable","OUT OF SCOPE: DatePilot owns timestamps too; link only when useful","Timestamp tools","Category reference reviewed; operation not tested","Needs further validation before selection","High portfolio overlap","OUT","H: research-derived query hypothesis","https://www.timeanddate.com/","Category/technical source only; not exact-query demand evidence","DatePilot","OUT OF SCOPE: DatePilot owns timestamps too; link only when useful","2026-09-25"
"K251","celsius to fahrenheit","Interactive task completion","conversion","","Physical conversions","OUT OF SCOPE","celsius to fahrenheit","Unavailable for exact query","Unavailable at query level","Unavailable","Unavailable","Unavailable","Unavailable","OUT OF SCOPE: CalculateHub; no digital artifact being prepared","Physical conversions","Category reference reviewed; operation not tested","Needs further validation before selection","High portfolio overlap","OUT","H: research-derived query hypothesis","https://www.unitconverters.net/","Category/technical source only; not exact-query demand evidence","CalculateHub","OUT OF SCOPE: CalculateHub; no digital artifact being prepared","2026-09-25"
"K252","cm to inches","Interactive task completion","conversion","","Physical conversions","OUT OF SCOPE","cm to inches","Unavailable for exact query","Unavailable at query level","Unavailable","Unavailable","Unavailable","Unavailable","OUT OF SCOPE: CalculateHub; no digital artifact being prepared","Physical conversions","Category reference reviewed; operation not tested","Needs further validation before selection","High portfolio overlap","OUT","H: research-derived query hypothesis","https://www.unitconverters.net/","Category/technical source only; not exact-query demand evidence","CalculateHub","OUT OF SCOPE: CalculateHub; no digital artifact being prepared","2026-09-25"
"K253","kg to pounds","Interactive task completion","conversion","","Physical conversions","OUT OF SCOPE","kg to pounds","Unavailable for exact query","Unavailable at query level","Unavailable","Unavailable","Unavailable","Unavailable","OUT OF SCOPE: CalculateHub; no digital artifact being prepared","Physical conversions","Category reference reviewed; operation not tested","Needs further validation before selection","High portfolio overlap","OUT","H: research-derived query hypothesis","https://www.unitconverters.net/","Category/technical source only; not exact-query demand evidence","CalculateHub","OUT OF SCOPE: CalculateHub; no digital artifact being prepared","2026-09-25"
"K254","liters to gallons","Interactive task completion","conversion","","Physical conversions","OUT OF SCOPE","liters to gallons","Unavailable for exact query","Unavailable at query level","Unavailable","Unavailable","Unavailable","Unavailable","OUT OF SCOPE: CalculateHub; no digital artifact being prepared","Physical conversions","Category reference reviewed; operation not tested","Needs further validation before selection","High portfolio overlap","OUT","H: research-derived query hypothesis","https://www.unitconverters.net/","Category/technical source only; not exact-query demand evidence","CalculateHub","OUT OF SCOPE: CalculateHub; no digital artifact being prepared","2026-09-25"
"K255","mph to kph","Interactive task completion","conversion","","Physical conversions","OUT OF SCOPE","mph to kph","Unavailable for exact query","Unavailable at query level","Unavailable","Unavailable","Unavailable","Unavailable","OUT OF SCOPE: CalculateHub; no digital artifact being prepared","Physical conversions","Category reference reviewed; operation not tested","Needs further validation before selection","High portfolio overlap","OUT","H: research-derived query hypothesis","https://www.unitconverters.net/","Category/technical source only; not exact-query demand evidence","CalculateHub","OUT OF SCOPE: CalculateHub; no digital artifact being prepared","2026-09-25"
"K256","square feet to square meters","Interactive task completion","conversion","","Scientific conversions","OUT OF SCOPE","square feet to square meters","Unavailable for exact query","Unavailable at query level","Unavailable","Unavailable","Unavailable","Unavailable","OUT OF SCOPE: CalculateHub; reference tables belong DataAtlas","Scientific conversions","Category reference reviewed; operation not tested","Needs further validation before selection","High portfolio overlap","OUT","H: research-derived query hypothesis","https://www.unitconverters.net/","Category/technical source only; not exact-query demand evidence","CalculateHub","OUT OF SCOPE: CalculateHub; reference tables belong DataAtlas","2026-09-25"
"K257","joules to kilowatt hours","Interactive task completion","conversion","","Scientific conversions","OUT OF SCOPE","joules to kilowatt hours","Unavailable for exact query","Unavailable at query level","Unavailable","Unavailable","Unavailable","Unavailable","OUT OF SCOPE: CalculateHub; reference tables belong DataAtlas","Scientific conversions","Category reference reviewed; operation not tested","Needs further validation before selection","High portfolio overlap","OUT","H: research-derived query hypothesis","https://www.unitconverters.net/","Category/technical source only; not exact-query demand evidence","CalculateHub","OUT OF SCOPE: CalculateHub; reference tables belong DataAtlas","2026-09-25"
"K258","psi to bar","Interactive task completion","conversion","","Scientific conversions","OUT OF SCOPE","psi to bar","Unavailable for exact query","Unavailable at query level","Unavailable","Unavailable","Unavailable","Unavailable","OUT OF SCOPE: CalculateHub; reference tables belong DataAtlas","Scientific conversions","Category reference reviewed; operation not tested","Needs further validation before selection","High portfolio overlap","OUT","H: research-derived query hypothesis","https://www.unitconverters.net/","Category/technical source only; not exact-query demand evidence","CalculateHub","OUT OF SCOPE: CalculateHub; reference tables belong DataAtlas","2026-09-25"
"K259","seconds to hours","Interactive task completion","conversion","","Scientific conversions","OUT OF SCOPE","seconds to hours","Unavailable for exact query","Unavailable at query level","Unavailable","Unavailable","Unavailable","Unavailable","OUT OF SCOPE: CalculateHub; reference tables belong DataAtlas","Scientific conversions","Category reference reviewed; operation not tested","Needs further validation before selection","High portfolio overlap","OUT","H: research-derived query hypothesis","https://www.unitconverters.net/","Category/technical source only; not exact-query demand evidence","CalculateHub","OUT OF SCOPE: CalculateHub; reference tables belong DataAtlas","2026-09-25"
"K260","watts to horsepower","Interactive task completion","conversion","","Scientific conversions","OUT OF SCOPE","watts to horsepower","Unavailable for exact query","Unavailable at query level","Unavailable","Unavailable","Unavailable","Unavailable","OUT OF SCOPE: CalculateHub; reference tables belong DataAtlas","Scientific conversions","Category reference reviewed; operation not tested","Needs further validation before selection","High portfolio overlap","OUT","H: research-derived query hypothesis","https://www.unitconverters.net/","Category/technical source only; not exact-query demand evidence","CalculateHub","OUT OF SCOPE: CalculateHub; reference tables belong DataAtlas","2026-09-25"

